text,label
integrate x e^x,INTEGRATE_FUNCTION
complete the missing function in this loop,COMPLETE_CODE
Generate related work.,LITERATURE_REVIEW
simplify the expression 3x^2 + 2x - 5,SIMPLIFY_EXPRESSION
sketch the respiratory system and label its parts,DRAW_LABELED_DIAGRAM
make quiz questions for data structures,CREATE_QUIZ
generate Arduino code to blink an LED,GENERATE_CODE
factor the expression 2x^2 + 7x + 3,FACTOR_EXPRESSION
complete the missing function in this merge sort,COMPLETE_CODE
compute d/dx of e^x,DIFFERENTIATE_FUNCTION
review this graph for title,VISUALIZATION_IMPROVEMENT
do a dimensional analysis of v = u + at,UNIT_ANALYSIS
find an analogy to help me understand limits,ANALOGY_GENERATION
can this merge sort be optimized,OPTIMIZE_CODE
what are real-world applications of attention mechanisms,REAL_WORLD_APPLICATION
write ROS code for robot navigation,GENERATE_CODE
show me how to solve cos(x)/x with all steps,SOLVE_STEP_BY_STEP
what does the curl of a field actually mean,EXPLAIN_PHYSICAL_MEANING
tell me about virtual memory,EXPLAIN_CONCEPT
verify the correctness of this theorem proof,VERIFY_REASONING
find an analogy to help me understand gradient descent,ANALOGY_GENERATION
condense MPI into key points,SUMMARIZE_NOTES
verify my reasoning about this induction proof,VERIFY_REASONING
make a revision sheet for this research paper,SUMMARIZE_NOTES
why did my model underfitting,MODEL_EXPLANATION
give me the intuition behind dropout,EXPLAIN_INTUITIVELY
write code for a logistic regression in Python,GENERATE_CODE
generate computer networks interview questions,CREATE_QUIZ
how does the uncertainty principle work,EXPLAIN_CONCEPT
evaluate the experimental design of my experiment,CRITIQUE_METHOD
design a system for a distributed system,SYSTEM_DESIGN
derive Maxwell's equations,DERIVE_EQUATION
is my reasoning correct for this induction proof,VERIFY_REASONING
Give me practice questions.,GENERATE_PRACTICE_PROBLEMS
write code for Dijkstra's algorithm in Java,GENERATE_CODE
debug my linked list code,DEBUG_CODE
plot the function y = x^2,GRAPH_FUNCTION
reduce sin^2(x) to simplest form,SIMPLIFY_EXPRESSION
Explain the compiler pipeline stages,EXPLAIN_CONCEPT
what is the antiderivative of e^x sin(x),INTEGRATE_FUNCTION
why does this graph traversal crash,DEBUG_CODE
explain why my model not converging,MODEL_EXPLANATION
what are real-world applications of backpropagation,REAL_WORLD_APPLICATION
give me the intuition behind the chain rule,EXPLAIN_INTUITIVELY
generate CUDA interview questions,CREATE_QUIZ
simplify cos(x)/x,SIMPLIFY_EXPRESSION
Derive Schrodinger's equation.,DERIVE_EQUATION
design an algorithm for detecting cycles in a graph,ALGORITHM_DESIGN
solve this op-amp circuit,CIRCUIT_ANALYSIS
factorize x^2 - 5x + 6,FACTOR_EXPRESSION
fact-check this: the Great Wall is visible from space,FACT_CHECK
is it true that the speed of light is constant,FACT_CHECK
are the units consistent in the energy equation,UNIT_ANALYSIS
derive the compound interest formula,DERIVE_FORMULA
what's a good metaphor for blockchain consensus,ANALOGY_GENERATION
compute d/dx of tan(x),DIFFERENTIATE_FUNCTION
show the derivation of the wave equation,DERIVE_EQUATION
propose a research idea for robotics,RESEARCH_IDEA
fill in the rest of this sorting function,COMPLETE_CODE
do a dimensional analysis of this expression,UNIT_ANALYSIS
where does the volume of a sphere come from,DERIVE_FORMULA
check my proof of this theorem proof,VERIFY_REASONING
finish this my binary search function,COMPLETE_CODE
Draw Gantt chart for CPU scheduling FCFS SJF Round Robin,DRAW_FLOWCHART
prove that the mean value theorem,PROVE_THEOREM
verify the units in the drag equation,UNIT_ANALYSIS
create a quiz on data structures,CREATE_QUIZ
find the error in my derivation,FIND_ERROR
write a literature review on federated learning,LITERATURE_REVIEW
fix the scaling on this graph,VISUALIZATION_IMPROVEMENT
sketch y = -x^2 + 4,GRAPH_FUNCTION
verify the units in v = u + at,UNIT_ANALYSIS
find the current in this voltage divider,CIRCUIT_ANALYSIS
solve (x^2 - 4)/(x - 2) and explain each step,SOLVE_STEP_BY_STEP
how is dynamic programming used in real life applications,REAL_WORLD_APPLICATION
critique the methodology of this study,CRITIQUE_METHOD
help me interpret these p-values,RESULT_INTERPRETATION
explain the physical meaning of the curl of a field,EXPLAIN_PHYSICAL_MEANING
supervised and unsupervised learning: which is better,COMPARE_METHODS
improve the performance of this dynamic programming solution,OPTIMIZE_CODE
write a literature review on my thesis topic,LITERATURE_REVIEW
Optimize this SQL query.,OPTIMIZE_CODE
graph the curve ln(x),GRAPH_FUNCTION
illustrate the respiratory system with labels,DRAW_LABELED_DIAGRAM
Compare Dijkstra and A* on the same grid,COMPARE_METHODS
give me practice problems for compiler design,GENERATE_PRACTICE_PROBLEMS
give me the intuition behind determinants,EXPLAIN_INTUITIVELY
interpret the results of this p-value,RESULT_INTERPRETATION
find an analogy to help me understand post-quantum cryptography,ANALOGY_GENERATION
did I get the this problem right,CHECK_ANSWER
fill in the rest of this Python recursion code,COMPLETE_CODE
are the units consistent in F = ma,UNIT_ANALYSIS
show the derivation of the distance formula,DERIVE_FORMULA
CNNs and Transformers: which is better,COMPARE_METHODS
what is the space complexity of my binary search function,FIND_COMPLEXITY
what are real-world applications of vector spaces,REAL_WORLD_APPLICATION
analyze whether this algorithm is correct,VERIFY_REASONING
how do these papers differ,COMPARE_PAPERS
Explain BST degeneration when inserting sorted keys,EXPLAIN_CONCEPT
what's an open problem in NLP,RESEARCH_IDEA
critique this graph,VISUALIZATION_IMPROVEMENT
what's a good metaphor for dynamic programming,ANALOGY_GENERATION
simplify the expression x^2 - 9,SIMPLIFY_EXPRESSION
make quiz questions for cryptography,CREATE_QUIZ
generate harder versions of these database systems problems,GENERATE_PRACTICE_PROBLEMS
verify my reasoning about this algorithm,VERIFY_REASONING
draw the graph of x^3 - 3x,GRAPH_FUNCTION
derive the volume of a sphere,DERIVE_FORMULA
analyze this experiment's data,DATA_ANALYSIS
what's an open problem in computer vision,RESEARCH_IDEA
what's wrong with my force calculation,FIND_ERROR
how should I revise MPI for the exam,EXAM_PREPARATION
what does negative temperature actually mean,EXPLAIN_PHYSICAL_MEANING
explain how this BFS implementation works,EXPLAIN_CODE
create flashcards for digital logic,CREATE_FLASHCARDS
compute the period of a 1 m pendulum,SOLVE_NUMERICAL
check my proof of this induction proof,VERIFY_REASONING
Explain precision and recall.,EXPLAIN_CONCEPT
generate related work for image segmentation,LITERATURE_REVIEW
generate harder versions of these machine learning problems,GENERATE_PRACTICE_PROBLEMS
implement Dijkstra's algorithm in Java,GENERATE_CODE
explain the physical meaning of entropy,EXPLAIN_PHYSICAL_MEANING
what's a good metaphor for regularization,ANALOGY_GENERATION
find an analogy to help me understand entropy,ANALOGY_GENERATION
what do these p-values tell me,RESULT_INTERPRETATION
generate harder versions of these cryptography problems,GENERATE_PRACTICE_PROBLEMS
generate practice questions on OpenCL,GENERATE_PRACTICE_PROBLEMS
compute the velocity after 5 seconds under gravity,SOLVE_NUMERICAL
explain ambiguity in context-free grammars like I'm five,ELI5_EXPLANATION
what is the velocity after 5 seconds under gravity,SOLVE_NUMERICAL
tell me about SLAM,EXPLAIN_CONCEPT
generate Dijkstra's algorithm in Java,GENERATE_CODE
give practical applications of eigenvalues,REAL_WORLD_APPLICATION
spot the flaw in my algebra,FIND_ERROR
Flowchart the TCP connection lifecycle from SYN to FIN,DRAW_FLOWCHART
help me select features for my model,FEATURE_SELECTION
how should I revise data structures for the exam,EXAM_PREPARATION
Explain ambiguity in CFGs.,EXPLAIN_CONCEPT
design an elevator control system,SYSTEM_DESIGN
compute the electric field at point P,SOLVE_NUMERICAL
create memory tricks for algorithm analysis,EXAM_PREPARATION
why did my model not converging,MODEL_EXPLANATION
identify research gaps in NLP,RESEARCH_IDEA
turn digital logic into flashcards,CREATE_FLASHCARDS
find the mistake in my derivation,FIND_ERROR
graph the curve y = -x^2 + 4,GRAPH_FUNCTION
contrast analog and digital signals,COMPARE_METHODS
draw the graph of e^x,GRAPH_FUNCTION
simplify (2x + 4)/2,SIMPLIFY_EXPRESSION
differentiate e^x,DIFFERENTIATE_FUNCTION
analyze the statistical significance in these survey results,DATA_ANALYSIS
create flashcards for algorithm analysis,CREATE_FLASHCARDS
check the units of F = ma,UNIT_ANALYSIS
where is garbage collection used in practice,REAL_WORLD_APPLICATION
show the parts of the nephron,DRAW_LABELED_DIAGRAM
find the complexity of this BFS implementation,FIND_COMPLEXITY
"I solved it and got 3/5, is that right",CHECK_MATH_SOLUTION
Create a cryptography viva.,CREATE_QUIZ
generate quantum-resistant alternatives for computer vision,RESEARCH_IDEA
what does the Hamiltonian actually mean,EXPLAIN_PHYSICAL_MEANING
show a proof for the binomial theorem,PROVE_THEOREM
design a system for an elevator control system,SYSTEM_DESIGN
verify my reasoning about the parser,VERIFY_REASONING
explain the chain rule like I'm five,ELI5_EXPLANATION
what does this merge sort do,EXPLAIN_CODE
help me prepare for tomorrow's data structures exam,EXAM_PREPARATION
analyze the impulse response,SIGNAL_ANALYSIS
what is the space complexity of this Python recursion code,FIND_COMPLEXITY
how is vector spaces used in real life applications,REAL_WORLD_APPLICATION
flowchart the process of TCP connection lifecycle,DRAW_FLOWCHART
what trends are in this time series,DATA_ANALYSIS
Why does dynamic programming work?,EXPLAIN_CONCEPT
what's the intuitive idea behind regularization,EXPLAIN_INTUITIVELY
"I solved it and got x = 0 and x = 3, is that right",CHECK_MATH_SOLUTION
generate practice questions on cryptography,GENERATE_PRACTICE_PROBLEMS
architect a waste-sorting robot,SYSTEM_DESIGN
fix the bug in my binary search function,DEBUG_CODE
walk me through this sorting function,EXPLAIN_CODE
find the bug causing segmentation faults in my binary search function,DEBUG_CODE
summarize my notes on compiler design,SUMMARIZE_NOTES
what does my binary search function do,EXPLAIN_CODE
what is the space complexity of this sorting function,FIND_COMPLEXITY
what is the Big-O of this nested loop,FIND_COMPLEXITY
find an analogy to help me understand blockchain consensus,ANALOGY_GENERATION
give me exam tips for data structures,EXAM_PREPARATION
Analyze statistical significance.,DATA_ANALYSIS
is my answer x = -2 correct,CHECK_MATH_SOLUTION
analyze these survey results,DATA_ANALYSIS
what do these accuracy metrics tell me,RESULT_INTERPRETATION
explain SLAM in the simplest terms,ELI5_EXPLANATION
find the Fourier transform of this signal,SIGNAL_ANALYSIS
Explain confidence intervals.,EXPLAIN_CONCEPT
what's the time complexity of this algorithm,FIND_COMPLEXITY
show the parts of a plant cell,DRAW_LABELED_DIAGRAM
Design a waste-sorting robot.,SYSTEM_DESIGN
determine the Bode plot,SIGNAL_ANALYSIS
do a dimensional analysis of the energy equation,UNIT_ANALYSIS
explain vector spaces like I'm a beginner,ELI5_EXPLANATION
Compare Random Forest and XGBoost.,COMPARE_METHODS
generate related work for post-quantum cryptography,LITERATURE_REVIEW
explain the photoelectric effect in the simplest terms,ELI5_EXPLANATION
what is regularization,EXPLAIN_CONCEPT
turn OpenCL into flashcards,CREATE_FLASHCARDS
help me select features for this regression,FEATURE_SELECTION
Generate exam-level challenges.,GENERATE_PRACTICE_PROBLEMS
show ln(x) on a coordinate plane,GRAPH_FUNCTION
finish this this BFS implementation,COMPLETE_CODE
compute the equivalent resistance of this RC circuit,CIRCUIT_ANALYSIS
do an exploratory analysis of this experiment's data,DATA_ANALYSIS
find the derivative of cos(x)/x and explain every step,SOLVE_STEP_BY_STEP
analyze the statistical significance in this experiment's data,DATA_ANALYSIS
generate quicksort in Python,GENERATE_CODE
determine the Fourier transform of this signal,SIGNAL_ANALYSIS
compute d/dx of y = -x^2 + 4,DIFFERENTIATE_FUNCTION
show the derivation of the kinematic equations,DERIVE_EQUATION
explain why my model overfitting,MODEL_EXPLANATION
explain the chain rule intuitively,EXPLAIN_INTUITIVELY
what's wrong with my limit computation,FIND_ERROR
what's an open problem in machine learning,RESEARCH_IDEA
check dimensional consistency of F = ma,UNIT_ANALYSIS
find the electric field at point P,SOLVE_NUMERICAL
explain quantum tunneling intuitively,EXPLAIN_INTUITIVELY
finish this this Python recursion code,COMPLETE_CODE
simplify the expression cos(x)/x,SIMPLIFY_EXPRESSION
factorize x^2 - 9,FACTOR_EXPRESSION
what is the antiderivative of 1/(x^2+1),INTEGRATE_FUNCTION
what is the derivative of x^2 e^-x,DIFFERENTIATE_FUNCTION
generate practice questions on MPI,GENERATE_PRACTICE_PROBLEMS
Draw a flowchart comparing A* vs Dijkstra pathfinding,DRAW_FLOWCHART
how is ambiguity in context-free grammars used in real life,REAL_WORLD_APPLICATION
prepare me for my algorithm analysis exam,EXAM_PREPARATION
graph the curve sqrt(x),GRAPH_FUNCTION
prove Bayes theorem,PROVE_THEOREM
which variables should I drop in this sales data,FEATURE_SELECTION
find the transfer function,SIGNAL_ANALYSIS
design a temperature regulation system,SYSTEM_DESIGN
is my reasoning correct for this algorithm,VERIFY_REASONING
explain vector spaces in the simplest terms,ELI5_EXPLANATION
give me exam tips for operating systems,EXAM_PREPARATION
why did my model performing poorly on test data,MODEL_EXPLANATION
check my the homework calculations,CHECK_ANSWER
find the derivative of sin(x)/x,DIFFERENTIATE_FUNCTION
evaluate the experimental design of this thesis chapter,CRITIQUE_METHOD
compute the force on a 5 kg mass accelerating at 2 m/s^2,SOLVE_NUMERICAL
reduce x^2 - 9 to simplest form,SIMPLIFY_EXPRESSION
factor the expression x^2 - 5x + 6,FACTOR_EXPRESSION
what is the antiderivative of ln(x),INTEGRATE_FUNCTION
review this chart,VISUALIZATION_IMPROVEMENT
flowchart the process of a login system,DRAW_FLOWCHART
find the derivative of sqrt(x),DIFFERENTIATE_FUNCTION
improve this visualization,VISUALIZATION_IMPROVEMENT
"I got y = 7, check if my answer is correct",CHECK_MATH_SOLUTION
solve (x^2 - 4)/(x - 2) step by step,SOLVE_STEP_BY_STEP
visualize the steps of DNA replication on my canvas,DRAW_FLOWCHART
what's the difference between SN1 and SN2 reactions,COMPARE_METHODS
simplify 3x + 2x - x,SIMPLIFY_EXPRESSION
contrast L1 and L2 regularization,COMPARE_METHODS
Review this graph and suggest improvements.,VISUALIZATION_IMPROVEMENT
compare AES and ChaCha20,COMPARE_METHODS
which variables should I drop in this time series,FEATURE_SELECTION
Check my circuit calculations.,CHECK_ANSWER
how does limits work,EXPLAIN_CONCEPT
calculate the final temperature of the mixture,SOLVE_NUMERICAL
give me a summary of this lecture,SUMMARIZE_NOTES
how would you design a home automation system,SYSTEM_DESIGN
what is the electric field at point P,SOLVE_NUMERICAL
design an algorithm for route planning,ALGORITHM_DESIGN
find the integral of x^2 cos(x),INTEGRATE_FUNCTION
give a proof of that there are infinitely many primes,PROVE_THEOREM
explain angular momentum like I'm five,ELI5_EXPLANATION
work through cos(x)/x step by step,SOLVE_STEP_BY_STEP
draw a flowchart of bubble sort,DRAW_FLOWCHART
generate viva questions for CUDA,CREATE_QUIZ
debug this sorting function,DEBUG_CODE
explain the limitations of this conference paper,CRITIQUE_METHOD
draw and label a four-stroke engine,DRAW_LABELED_DIAGRAM
Draw degenerated vs balanced BST for insertion orders,DRAW_LABELED_DIAGRAM
contrast RSA and Kyber,COMPARE_METHODS
BFS and DFS: which is better,COMPARE_METHODS
compute d/dx of ln(x),DIFFERENTIATE_FUNCTION
visualize SLAM intuitively,EXPLAIN_INTUITIVELY
show the steps of A* pathfinding as a flowchart,DRAW_FLOWCHART
what are real-world applications of eigenvalues,REAL_WORLD_APPLICATION
Identify research gaps.,RESEARCH_IDEA
graph the curve tan(x),GRAPH_FUNCTION
Critique this visualization and redraw it.,VISUALIZATION_IMPROVEMENT
check my physics calculations,CHECK_ANSWER
is light travels faster than sound accurate,FACT_CHECK
compute the impulse response,SIGNAL_ANALYSIS
what is dynamic programming,EXPLAIN_CONCEPT
verify the correctness of this algorithm,VERIFY_REASONING
explain entropy like I'm a beginner,ELI5_EXPLANATION
find the factors of 2x^2 + 7x + 3,FACTOR_EXPRESSION
help me select features for this sales data,FEATURE_SELECTION
visualize angular momentum intuitively,EXPLAIN_INTUITIVELY
give me exam tips for machine learning,EXAM_PREPARATION
what are real-world applications of quantum tunneling,REAL_WORLD_APPLICATION
Find the derivative of x^2 sin(x) and explain every step.,SOLVE_STEP_BY_STEP
give me code for quicksort in Python,GENERATE_CODE
explain this Python recursion code,EXPLAIN_CODE
what is the derivative of y = x^2,DIFFERENTIATE_FUNCTION
what do this p-value tell me,RESULT_INTERPRETATION
check my this problem calculations,CHECK_ANSWER
devise an algorithm for detecting cycles in a graph,ALGORITHM_DESIGN
"I solved it and got y = 7, is that right",CHECK_MATH_SOLUTION
what's wrong with my proof attempt,FIND_ERROR
what are the key ideas of blockchain consensus,EXPLAIN_CONCEPT
give me an analogy for blockchain consensus,ANALOGY_GENERATION
compare SN1 and SN2 reactions,COMPARE_METHODS
give me an analogy for virtual memory,ANALOGY_GENERATION
fix the bug in my linked list code,DEBUG_CODE
test my understanding of CUDA,CREATE_QUIZ
make practice problems about OpenCL,GENERATE_PRACTICE_PROBLEMS
explain how my linked list code works,EXPLAIN_CODE
identify research gaps in distributed systems,RESEARCH_IDEA
simplify the expression 2x^2 - 8,SIMPLIFY_EXPRESSION
give me a summary of CUDA,SUMMARIZE_NOTES
make quiz questions for algorithm analysis,CREATE_QUIZ
how is electromagnetic induction used in real life applications,REAL_WORLD_APPLICATION
find the mistake in my integration,FIND_ERROR
sketch the human eye and label its parts,DRAW_LABELED_DIAGRAM
compute the integral of x e^x,INTEGRATE_FUNCTION
give a proof of the binomial theorem,PROVE_THEOREM
which features should I remove from this sales data,FEATURE_SELECTION
what's the time complexity of this sorting function,FIND_COMPLEXITY
generate exam-level challenges for data structures,GENERATE_PRACTICE_PROBLEMS
what is determinants,EXPLAIN_CONCEPT
generate related work for federated learning,LITERATURE_REVIEW
turn algorithm analysis into flashcards,CREATE_FLASHCARDS
help me prepare for tomorrow's operating systems exam,EXAM_PREPARATION
find the derivative of e^x cos(x) and explain every step,SOLVE_STEP_BY_STEP
explain the limitations of this thesis chapter,CRITIQUE_METHOD
generate practice questions on compiler design,GENERATE_PRACTICE_PROBLEMS
help me build intuition for eigenvalues,EXPLAIN_INTUITIVELY
verify my answer x = 0 and x = 3,CHECK_MATH_SOLUTION
complete the implementation of this class,COMPLETE_CODE
find the complexity of my binary search function,FIND_COMPLEXITY
generate practice questions on computer networks,GENERATE_PRACTICE_PROBLEMS
come up with an algorithm to load balancing,ALGORITHM_DESIGN
create a quiz on computer networks,CREATE_QUIZ
Compare RSA and Kyber.,COMPARE_METHODS
give a proof of Bayes theorem,PROVE_THEOREM
make flashcards on compiler design,CREATE_FLASHCARDS
explain wave-particle duality intuitively,EXPLAIN_INTUITIVELY
find an analogy to help me understand angular momentum,ANALOGY_GENERATION
explore these survey results,DATA_ANALYSIS
find the voltage across this RC circuit,CIRCUIT_ANALYSIS
Write Dijkstra's algorithm in Java.,GENERATE_CODE
show a proof for that sqrt(2) is irrational,PROVE_THEOREM
review my graph and suggest improvements,VISUALIZATION_IMPROVEMENT
what are real-world applications of matrix rank,REAL_WORLD_APPLICATION
differentiate x^3 - 3x,DIFFERENTIATE_FUNCTION
give a proof of that sqrt(2) is irrational,PROVE_THEOREM
critique the methodology of this research paper,CRITIQUE_METHOD
what trends are in this sales data,DATA_ANALYSIS
determine the force on a 5 kg mass accelerating at 2 m/s^2,SOLVE_NUMERICAL
evaluate the experimental design of this conference paper,CRITIQUE_METHOD
factor 6x^2 - x - 2,FACTOR_EXPRESSION
derive the lens equation,DERIVE_EQUATION
simplify x^2 sin(x),SIMPLIFY_EXPRESSION
Random Forest and XGBoost: which is better,COMPARE_METHODS
show a proof for that there are infinitely many primes,PROVE_THEOREM
analog and digital signals: which is better,COMPARE_METHODS
illustrate a mitochondrion with labels,DRAW_LABELED_DIAGRAM
draw and label the human heart,DRAW_LABELED_DIAGRAM
show the parts of a neuron,DRAW_LABELED_DIAGRAM
help me build intuition for the product rule,EXPLAIN_INTUITIVELY
fact-check this: water boils at 90C at sea level,FACT_CHECK
help me interpret these clustering results,RESULT_INTERPRETATION
generate exam-level challenges for database systems,GENERATE_PRACTICE_PROBLEMS
find the bug causing segmentation faults in this sorting function,DEBUG_CODE
check my solution: x = -2,CHECK_MATH_SOLUTION
improve the performance of this sorting function,OPTIMIZE_CODE
visualize the steps of a login system on my canvas,DRAW_FLOWCHART
improve the performance of my binary search function,OPTIMIZE_CODE
derive the formula for the area of a circle,DERIVE_FORMULA
test my understanding of cryptography,CREATE_QUIZ
propose a research idea for machine learning,RESEARCH_IDEA
create a quiz on MPI,CREATE_QUIZ
explain SLAM like I'm a beginner,ELI5_EXPLANATION
Why can't anything travel faster than light?,EXPLAIN_CONCEPT
what is the chain rule,EXPLAIN_CONCEPT
derive the equation for Maxwell's equations,DERIVE_EQUATION
Analyze this dataset.,DATA_ANALYSIS
why does this merge sort crash,DEBUG_CODE
Design an algorithm for route planning.,ALGORITHM_DESIGN
generate harder versions of these computer networks problems,GENERATE_PRACTICE_PROBLEMS
draw the graph of sqrt(x),GRAPH_FUNCTION
visualize the steps of the water cycle on my canvas,DRAW_FLOWCHART
Find the flaw in this theorem proof.,FIND_ERROR
optimize this BFS implementation,OPTIMIZE_CODE
generate harder versions of these compiler design problems,GENERATE_PRACTICE_PROBLEMS
test my understanding of computer networks,CREATE_QUIZ
what does the Poynting vector represent physically,EXPLAIN_PHYSICAL_MEANING
which variables should I drop in this regression,FEATURE_SELECTION
architect an elevator control system,SYSTEM_DESIGN
test my understanding of data structures,CREATE_QUIZ
what's wrong with my algebra,FIND_ERROR
help me interpret these YOLO detection results,RESULT_INTERPRETATION
find the bug causing segmentation faults in this BFS implementation,DEBUG_CODE
verify my answer for physics,CHECK_ANSWER
sketch sqrt(x),GRAPH_FUNCTION
where does the distance formula come from,DERIVE_FORMULA
compute the integral of x^2 cos(x),INTEGRATE_FUNCTION
find the complexity of this dynamic programming solution,FIND_COMPLEXITY
summarize my notes on algorithm analysis,SUMMARIZE_NOTES
create flashcards for compiler design,CREATE_FLASHCARDS
give me practice problems for OpenCL,GENERATE_PRACTICE_PROBLEMS
compare supervised and unsupervised learning,COMPARE_METHODS
explain why my model predicting only one class,MODEL_EXPLANATION
prepare me for my cryptography exam,EXAM_PREPARATION
give me code for Arduino code to blink an LED,GENERATE_CODE
analyze whether the parser is correct,VERIFY_REASONING
show where my proof attempt went wrong,FIND_ERROR
identify research gaps in robotics,RESEARCH_IDEA
solve 1/(x^2 + 1) and explain each step,SOLVE_STEP_BY_STEP
work through 1/(x^2 + 1) step by step,SOLVE_STEP_BY_STEP
create flashcards for database systems,CREATE_FLASHCARDS
plot x^3 - 3x,GRAPH_FUNCTION
prove that the fundamental theorem of calculus,PROVE_THEOREM
interpret this regression output,RESULT_INTERPRETATION
give me code for a binary search in C++,GENERATE_CODE
fill in the rest of this dynamic programming solution,COMPLETE_CODE
compare BFS and DFS,COMPARE_METHODS
find the derivative of ln(x),DIFFERENTIATE_FUNCTION
find the complexity of this sorting function,FIND_COMPLEXITY
find the kinetic energy of a 2 kg ball at 3 m/s,SOLVE_NUMERICAL
compare the results with prior work,COMPARE_PAPERS
prove that sqrt(2) is irrational,PROVE_THEOREM
suggest improvements because my model underfitting,MODEL_EXPLANATION
differentiate sin(x)/x,DIFFERENTIATE_FUNCTION
summarize computer networks,SUMMARIZE_NOTES
explain how this Python recursion code works,EXPLAIN_CODE
analyze the time complexity of this Python recursion code,FIND_COMPLEXITY
draw and label the respiratory system,DRAW_LABELED_DIAGRAM
give me an analogy for compiler parsing,ANALOGY_GENERATION
devise an algorithm for scheduling tasks,ALGORITHM_DESIGN
compare bagging and boosting,COMPARE_METHODS
help me prepare for tomorrow's MPI exam,EXAM_PREPARATION
give practical applications of regularization,REAL_WORLD_APPLICATION
Compare FCFS SJF and Round Robin for P1=10ms P2=4ms P3=2ms,DRAW_FLOWCHART
summarize MPI,SUMMARIZE_NOTES
show the derivation of the sum of an arithmetic series,DERIVE_FORMULA
give practical applications of vector spaces,REAL_WORLD_APPLICATION
check my chemistry calculations,CHECK_ANSWER
explain backpropagation like I'm a beginner,ELI5_EXPLANATION
draw a labeled diagram of a BJT transistor,DRAW_LABELED_DIAGRAM
where is wave-particle duality used in practice,REAL_WORLD_APPLICATION
Show compiler stages: lexical parser semantic optimizer codegen,DRAW_FLOWCHART
finish this this class,COMPLETE_CODE
give me practice problems for computer networks,GENERATE_PRACTICE_PROBLEMS
fill in the rest of my binary search function,COMPLETE_CODE
interpret the results of this ROC curve,RESULT_INTERPRETATION
verify whether humans use only 10% of their brain,FACT_CHECK
explain limits as if I knew nothing about it,ELI5_EXPLANATION
Suggest improvements to model performance.,MODEL_EXPLANATION
what does this Python recursion code do,EXPLAIN_CODE
visualize the steps of TCP connection lifecycle on my canvas,DRAW_FLOWCHART
help me interpret this regression output,RESULT_INTERPRETATION
optimize this SQL query for this Python recursion code,OPTIMIZE_CODE
give me an analogy for post-quantum cryptography,ANALOGY_GENERATION
verify the correctness of the parser,VERIFY_REASONING
Analyze algorithm correctness.,VERIFY_REASONING
visualize Taylor series intuitively,EXPLAIN_INTUITIVELY
make this Python recursion code faster,OPTIMIZE_CODE
improve this figure for learning,VISUALIZATION_IMPROVEMENT
test my understanding of MPI,CREATE_QUIZ
make quiz questions for OpenCL,CREATE_QUIZ
what does this graph traversal do,EXPLAIN_CODE
turn computer networks into flashcards,CREATE_FLASHCARDS
integrate sin^2(x),INTEGRATE_FUNCTION
create flashcards for machine learning,CREATE_FLASHCARDS
show a proof for the fundamental theorem of calculus,PROVE_THEOREM
what is the product rule,EXPLAIN_CONCEPT
make practice problems about algorithm analysis,GENERATE_PRACTICE_PROBLEMS
work through (x^2 - 4)/(x - 2) step by step,SOLVE_STEP_BY_STEP
check dimensional consistency of this formula,UNIT_ANALYSIS
give me code for a logistic regression in Python,GENERATE_CODE
make a flowchart for bubble sort,DRAW_FLOWCHART
make this dynamic programming solution faster,OPTIMIZE_CODE
derive the equation for the wave equation,DERIVE_EQUATION
find the integral of sec^2(x),INTEGRATE_FUNCTION
give practical applications of the uncertainty principle,REAL_WORLD_APPLICATION
generate a logistic regression in Python,GENERATE_CODE
Suggest a novel research direction.,RESEARCH_IDEA
complete the implementation of my binary search function,COMPLETE_CODE
what is the antiderivative of sin^2(x),INTEGRATE_FUNCTION
generate OpenCL interview questions,CREATE_QUIZ
reduce 2x^2 - 8 to simplest form,SIMPLIFY_EXPRESSION
visualize the steps of BST insertion order on my canvas,DRAW_FLOWCHART
find the bug in my binary search function,DEBUG_CODE
fix the y-range on this graph,VISUALIZATION_IMPROVEMENT
I got x=4 for this equation. Check if my answer is correct.,CHECK_MATH_SOLUTION
what trends are in these survey results,DATA_ANALYSIS
explain post-quantum cryptography in the simplest terms,ELI5_EXPLANATION
what are the weaknesses of my experiment,CRITIQUE_METHOD
turn compiler design into flashcards,CREATE_FLASHCARDS
plot the function sqrt(x),GRAPH_FUNCTION
complete the implementation of this sorting function,COMPLETE_CODE
show where my algebra went wrong,FIND_ERROR
explain the product rule intuitively,EXPLAIN_INTUITIVELY
generate viva questions for cryptography,CREATE_QUIZ
why does this dynamic programming solution crash,DEBUG_CODE
tell me about angular momentum,EXPLAIN_CONCEPT
design a distributed system,SYSTEM_DESIGN
interpret these clustering results,RESULT_INTERPRETATION
interpret these p-values,RESULT_INTERPRETATION
solve x^3 - 3x and explain each step,SOLVE_STEP_BY_STEP
find the current through a 10 ohm resistor,SOLVE_NUMERICAL
spot the flaw in my derivation,FIND_ERROR
explain compiler parsing like I'm five,ELI5_EXPLANATION
SGD and Adam: which is better,COMPARE_METHODS
Explain PID control.,EXPLAIN_CONCEPT
find the bug in this Python recursion code,DEBUG_CODE
what are the weaknesses of this study,CRITIQUE_METHOD
do a dimensional analysis of this formula,UNIT_ANALYSIS
interpret these confidence intervals,RESULT_INTERPRETATION
Generate viva questions.,CREATE_QUIZ
how is the chain rule used in real life applications,REAL_WORLD_APPLICATION
explain SLAM as if I knew nothing about it,ELI5_EXPLANATION
reduce 3x + 2x - x to simplest form,SIMPLIFY_EXPRESSION
Calculate the velocity after 5 seconds under gravity.,SOLVE_NUMERICAL
where does the Euler's formula come from,DERIVE_FORMULA
compute the integral of e^x sin(x),INTEGRATE_FUNCTION
help me build intuition for the central limit theorem,EXPLAIN_INTUITIVELY
find the integral of sin^2(x),INTEGRATE_FUNCTION
make flashcards on OpenCL,CREATE_FLASHCARDS
factor x^2 - 5x + 6,FACTOR_EXPRESSION
what is the derivative of sqrt(x),DIFFERENTIATE_FUNCTION
analyze the transfer function,SIGNAL_ANALYSIS
what's the prior work on my thesis topic,LITERATURE_REVIEW
generate flashcards for database systems,CREATE_FLASHCARDS
find the impulse response,SIGNAL_ANALYSIS
show the derivation of the area of a circle,DERIVE_FORMULA
check the units of this formula,UNIT_ANALYSIS
help me interpret these confusion matrix results,RESULT_INTERPRETATION
Compare BFS and DFS.,COMPARE_METHODS
summarize my notes on database systems,SUMMARIZE_NOTES
Compare A* and Dijkstra search expansion on the same grid,DRAW_FLOWCHART
generate compiler design interview questions,CREATE_QUIZ
improve the y-range of this graph,VISUALIZATION_IMPROVEMENT
what does entropy actually mean,EXPLAIN_PHYSICAL_MEANING
solve cos(x)/x and explain each step,SOLVE_STEP_BY_STEP
reduce e^x cos(x) to simplest form,SIMPLIFY_EXPRESSION
design an algorithm for scheduling tasks,ALGORITHM_DESIGN
"I got x = 4, check if my answer is correct",CHECK_MATH_SOLUTION
differentiate tan(x),DIFFERENTIATE_FUNCTION
sketch a BJT transistor and label its parts,DRAW_LABELED_DIAGRAM
explain why my model underfitting,MODEL_EXPLANATION
architect a home automation system,SYSTEM_DESIGN
contrast this conference paper with the related paper,COMPARE_PAPERS
verify my answer 3/5,CHECK_MATH_SOLUTION
explain the physical meaning of negative temperature,EXPLAIN_PHYSICAL_MEANING
explain angular momentum as if I knew nothing about it,ELI5_EXPLANATION
is my physics answer correct,CHECK_ANSWER
compare SGD and Adam,COMPARE_METHODS
Generate quantum-resistant alternatives.,RESEARCH_IDEA
what is the period of a 1 m pendulum,SOLVE_NUMERICAL
help me prepare for tomorrow's machine learning exam,EXAM_PREPARATION
summarize this thesis chapter,SUMMARIZE_NOTES
fill in the rest of this merge sort,COMPLETE_CODE
simplify e^x cos(x),SIMPLIFY_EXPRESSION
compute d/dx of x^2 e^-x,DIFFERENTIATE_FUNCTION
label the structure of the respiratory system,DRAW_LABELED_DIAGRAM
explore this sales data,DATA_ANALYSIS
did I get the the homework right,CHECK_ANSWER
find the integral of 1/(x^2+1),INTEGRATE_FUNCTION
make flashcards on MPI,CREATE_FLASHCARDS
check dimensional consistency of the drag equation,UNIT_ANALYSIS
what's a good metaphor for the central limit theorem,ANALOGY_GENERATION
flowchart the process of photosynthesis,DRAW_FLOWCHART
optimize my binary search function,OPTIMIZE_CODE
find the complexity of this merge sort,FIND_COMPLEXITY
compute the Fourier transform of this signal,SIGNAL_ANALYSIS
check dimensional consistency of v = u + at,UNIT_ANALYSIS
explain the limitations of this research paper,CRITIQUE_METHOD
explain the product rule as if I knew nothing about it,ELI5_EXPLANATION
design an algorithm for finding the shortest path,ALGORITHM_DESIGN
Evaluate experimental design.,CRITIQUE_METHOD
give me an analogy for attention mechanisms,ANALOGY_GENERATION
devise an algorithm for finding the shortest path,ALGORITHM_DESIGN
explain compiler parsing,EXPLAIN_CONCEPT
visualize the steps of A* pathfinding on my canvas,DRAW_FLOWCHART
what does the divergence represent physically,EXPLAIN_PHYSICAL_MEANING
what's wrong with my derivation,FIND_ERROR
fix this graph,VISUALIZATION_IMPROVEMENT
how does dropout work,EXPLAIN_CONCEPT
give practical applications of compiler parsing,REAL_WORLD_APPLICATION
draw a labeled diagram of a plant cell,DRAW_LABELED_DIAGRAM
reduce 1/(x^2 + 1) to simplest form,SIMPLIFY_EXPRESSION
help me select features for this experiment's data,FEATURE_SELECTION
analyze the statistical significance in this time series,DATA_ANALYSIS
give me exam tips for algorithm analysis,EXAM_PREPARATION
give me the intuition behind regularization,EXPLAIN_INTUITIVELY
analyze the frequency response,SIGNAL_ANALYSIS
complete the missing function in this class,COMPLETE_CODE
generate quantum-resistant alternatives for cryptography,RESEARCH_IDEA
check my solution: y = 7,CHECK_MATH_SOLUTION
create memory tricks for compiler design,EXAM_PREPARATION
generate flashcards for computer networks,CREATE_FLASHCARDS
find an analogy to help me understand precision and recall,ANALOGY_GENERATION
help me prepare for tomorrow's compiler design exam,EXAM_PREPARATION
Compare analog and digital signals.,COMPARE_METHODS
analyze this RC circuit,CIRCUIT_ANALYSIS
what's the time complexity of this nested loop,FIND_COMPLEXITY
explain why my model performing poorly on test data,MODEL_EXPLANATION
is my circuit answer correct,CHECK_ANSWER
plot x^2 e^-x,GRAPH_FUNCTION
find the bug causing segmentation faults in this graph traversal,DEBUG_CODE
redraw this graph more clearly,VISUALIZATION_IMPROVEMENT
compute the transfer function,SIGNAL_ANALYSIS
turn MPI into flashcards,CREATE_FLASHCARDS
do a dimensional analysis of F = ma,UNIT_ANALYSIS
Summarize OpenCL.,SUMMARIZE_NOTES
complete the implementation of this BFS implementation,COMPLETE_CODE
write quicksort in Python,GENERATE_CODE
factorize 6x^2 - x - 2,FACTOR_EXPRESSION
what do these YOLO detection results tell me,RESULT_INTERPRETATION
factor x^3 - 8,FACTOR_EXPRESSION
Why did accuracy drop after normalization?,VERIFY_REASONING
illustrate a four-stroke engine with labels,DRAW_LABELED_DIAGRAM
Draw the TCP three-way handshake flowchart with retransmission,DRAW_FLOWCHART
what's the intuitive idea behind post-quantum cryptography,EXPLAIN_INTUITIVELY
find the voltage across this op-amp circuit,CIRCUIT_ANALYSIS
show the steps of photosynthesis as a flowchart,DRAW_FLOWCHART
check my proof of the parser,VERIFY_REASONING
analyze this transistor amplifier,CIRCUIT_ANALYSIS
visualize the steps of the TCP handshake on my canvas,DRAW_FLOWCHART
label the structure of a neuron,DRAW_LABELED_DIAGRAM
simplify 3x^2 + 2x - 5,SIMPLIFY_EXPRESSION
propose a research idea for distributed systems,RESEARCH_IDEA
what's the time complexity of this graph traversal,FIND_COMPLEXITY
solve x^2 sin(x) step by step,SOLVE_STEP_BY_STEP
show the derivation of the volume of a sphere,DERIVE_FORMULA
find the derivative of y = -x^2 + 4,DIFFERENTIATE_FUNCTION
solve 2x^2 - 8 step by step,SOLVE_STEP_BY_STEP
interpret the results of these confidence intervals,RESULT_INTERPRETATION
give practical applications of post-quantum cryptography,REAL_WORLD_APPLICATION
are the units consistent in the drag equation,UNIT_ANALYSIS
draw a flowchart of TCP connection lifecycle,DRAW_FLOWCHART
make practice problems about compiler design,GENERATE_PRACTICE_PROBLEMS
what does the curl of a field represent physically,EXPLAIN_PHYSICAL_MEANING
is my answer 12 correct,CHECK_MATH_SOLUTION
find the factors of x^2 - 5x + 6,FACTOR_EXPRESSION
give me the intuition behind the uncertainty principle,EXPLAIN_INTUITIVELY
what is the space complexity of merge sort,FIND_COMPLEXITY
solve 3x^2 + 2x - 5 and explain each step,SOLVE_STEP_BY_STEP
walk me through my binary search function,EXPLAIN_CODE
visualize wave-particle duality intuitively,EXPLAIN_INTUITIVELY
condense cryptography into key points,SUMMARIZE_NOTES
how is compiler parsing used in real life,REAL_WORLD_APPLICATION
solve this RC circuit,CIRCUIT_ANALYSIS
how does backpropagation work,EXPLAIN_CONCEPT
contrast AES and ChaCha20,COMPARE_METHODS
show where my integration went wrong,FIND_ERROR
what is the antiderivative of x e^x,INTEGRATE_FUNCTION
Explain attention mechanisms.,EXPLAIN_CONCEPT
write a literature review on graph neural networks,LITERATURE_REVIEW
flowchart the process of the cardiac cycle,DRAW_FLOWCHART
explain dynamic programming in the simplest terms,ELI5_EXPLANATION
find the error in my proof attempt,FIND_ERROR
how would you design a temperature regulation system,SYSTEM_DESIGN
verify whether the speed of light is constant,FACT_CHECK
what is the derivative of e^x,DIFFERENTIATE_FUNCTION
Explain eigenvalues intuitively.,EXPLAIN_INTUITIVELY
make flashcards on database systems,CREATE_FLASHCARDS
Generate Python code for logistic regression.,GENERATE_CODE
interpret this p-value,RESULT_INTERPRETATION
explain how this merge sort works,EXPLAIN_CODE
which variables should I drop in this experiment's data,FEATURE_SELECTION
write code for Arduino code to blink an LED,GENERATE_CODE
check the units of v = u + at,UNIT_ANALYSIS
critique the methodology of this conference paper,CRITIQUE_METHOD
write a REST API in Flask,GENERATE_CODE
is my answer 3/5 correct,CHECK_MATH_SOLUTION
Compare Newtonian mechanics and relativity.,COMPARE_METHODS
implement a binary search in C++,GENERATE_CODE
draw the graph of x^2 e^-x,GRAPH_FUNCTION
plot the function ln(x),GRAPH_FUNCTION
give me the intuition behind the product rule,EXPLAIN_INTUITIVELY
explain the limitations of this study,CRITIQUE_METHOD
optimize this Python recursion code,OPTIMIZE_CODE
improve the performance of this graph traversal,OPTIMIZE_CODE
generate exam-level challenges for OpenCL,GENERATE_PRACTICE_PROBLEMS
what features matter most in this time series,FEATURE_SELECTION
give me exam tips for computer networks,EXAM_PREPARATION
which features should I remove from this regression,FEATURE_SELECTION
prove that the binomial theorem,PROVE_THEOREM
give me practice problems for MPI,GENERATE_PRACTICE_PROBLEMS
check dimensional consistency of the energy equation,UNIT_ANALYSIS
finish this this loop,COMPLETE_CODE
explain the physical meaning of the divergence,EXPLAIN_PHYSICAL_MEANING
what is the derivative of x^2 sin(x),DIFFERENTIATE_FUNCTION
compute the integral of sec^2(x),INTEGRATE_FUNCTION
show the parts of the benzene ring,DRAW_LABELED_DIAGRAM
improve this plot,VISUALIZATION_IMPROVEMENT
compute the kinetic energy of a 2 kg ball at 3 m/s,SOLVE_NUMERICAL
do an exploratory analysis of this dataset,DATA_ANALYSIS
improve the clarity of this graph,VISUALIZATION_IMPROVEMENT
show me how to solve 2x^2 - 8 with all steps,SOLVE_STEP_BY_STEP
improve this graph,VISUALIZATION_IMPROVEMENT
contrast supervised and unsupervised learning,COMPARE_METHODS
identify research gaps in machine learning,RESEARCH_IDEA
how would you design a waste-sorting robot,SYSTEM_DESIGN
Compare CNNs and Transformers.,COMPARE_METHODS
generate flashcards for OpenCL,CREATE_FLASHCARDS
architect a temperature regulation system,SYSTEM_DESIGN
give me exam tips for cryptography,EXAM_PREPARATION
help me build intuition for asymptotic notation,EXPLAIN_INTUITIVELY
illustrate the nephron with labels,DRAW_LABELED_DIAGRAM
simplify the expression (x^2 - 1)/(x - 1),SIMPLIFY_EXPRESSION
contrast CNNs and Transformers,COMPARE_METHODS
Generate ROS code for robot navigation.,GENERATE_CODE
prepare me for my database systems exam,EXAM_PREPARATION
evaluate the experimental design of this preprint,CRITIQUE_METHOD
write a logistic regression in Python,GENERATE_CODE
verify my reasoning about this theorem proof,VERIFY_REASONING
visualize the steps of hash table collision resolution on my canvas,DRAW_FLOWCHART
generate ROS code for robot navigation,GENERATE_CODE
prove that there are infinitely many primes,PROVE_THEOREM
what is the physical interpretation of the Poynting vector,EXPLAIN_PHYSICAL_MEANING
find the integral of e^x sin(x),INTEGRATE_FUNCTION
check my circuit calculations,CHECK_ANSWER
verify my answer x = 4,CHECK_MATH_SOLUTION
optimize this dynamic programming solution,OPTIMIZE_CODE
draw and label a BJT transistor,DRAW_LABELED_DIAGRAM
reduce x^3 - 3x to simplest form,SIMPLIFY_EXPRESSION
generate database systems interview questions,CREATE_QUIZ
visualize the steps of gradient descent on my canvas,DRAW_FLOWCHART
generate quantum-resistant alternatives for machine learning,RESEARCH_IDEA
which features should I remove from this dataset,FEATURE_SELECTION
RSA and Kyber: which is better,COMPARE_METHODS
optimize this SQL query for my linked list code,OPTIMIZE_CODE
Derive the kinematic equations.,DERIVE_EQUATION
explain asymptotic notation intuitively,EXPLAIN_INTUITIVELY
explain the physical meaning of the wavefunction,EXPLAIN_PHYSICAL_MEANING
complete the missing function in this BFS implementation,COMPLETE_CODE
evaluate the experimental design of this research paper,CRITIQUE_METHOD
show the derivation of the Euler's formula,DERIVE_FORMULA
review the methodology section of this study,CRITIQUE_METHOD
implement ROS code for robot navigation,GENERATE_CODE
generate viva questions for OpenCL,CREATE_QUIZ
create a quiz on OpenCL,CREATE_QUIZ
generate exam-level challenges for compiler design,GENERATE_PRACTICE_PROBLEMS
implement a REST API in Flask,GENERATE_CODE
Visualize gradient descent.,EXPLAIN_INTUITIVELY
solve x^2 - 9 and explain each step,SOLVE_STEP_BY_STEP
determine the final temperature of the mixture,SOLVE_NUMERICAL
can this sorting function be optimized,OPTIMIZE_CODE
explain complex numbers as if I knew nothing about it,ELI5_EXPLANATION
Improve the scaling so the sine curve is visible.,VISUALIZATION_IMPROVEMENT
suggest a novel research direction in distributed systems,RESEARCH_IDEA
find the final temperature of the mixture,SOLVE_NUMERICAL
walk me through this BFS implementation,EXPLAIN_CODE
analyze whether my argument is correct,VERIFY_REASONING
Explain post-quantum cryptography.,EXPLAIN_CONCEPT
can this Python recursion code be optimized,OPTIMIZE_CODE
flowchart the process of hash table collision resolution,DRAW_FLOWCHART
why is my model performing poorly on test data,MODEL_EXPLANATION
what is the Big-O of this merge sort,FIND_COMPLEXITY
summarize the literature on reinforcement learning,LITERATURE_REVIEW
fix the important points on this graph,VISUALIZATION_IMPROVEMENT
show the steps of BST insertion order as a flowchart,DRAW_FLOWCHART
how should I revise OpenCL for the exam,EXAM_PREPARATION
show where my limit computation went wrong,FIND_ERROR
plot sin(x)/x,GRAPH_FUNCTION
illustrate a BJT transistor with labels,DRAW_LABELED_DIAGRAM
show the parts of the respiratory system,DRAW_LABELED_DIAGRAM
what does the wavefunction represent physically,EXPLAIN_PHYSICAL_MEANING
find an analogy to help me understand attention mechanisms,ANALOGY_GENERATION
come up with an algorithm to detecting cycles in a graph,ALGORITHM_DESIGN
what is the space complexity of my linked list code,FIND_COMPLEXITY
is this graph correct,VISUALIZATION_IMPROVEMENT
debug this BFS implementation,DEBUG_CODE
compute d/dx of 1/(1+x^2),DIFFERENTIATE_FUNCTION
find an analogy to help me understand the photoelectric effect,ANALOGY_GENERATION
design a home automation system,SYSTEM_DESIGN
How is quantum tunneling used in real life?,REAL_WORLD_APPLICATION
find the complexity of my linked list code,FIND_COMPLEXITY
complete the implementation of my linked list code,COMPLETE_CODE
design an efficient approach for scheduling tasks,ALGORITHM_DESIGN
Analyze this RC circuit.,CIRCUIT_ANALYSIS
what is the Big-O of this algorithm,FIND_COMPLEXITY
derive the Euler's formula,DERIVE_FORMULA
what's the prior work on graph neural networks,LITERATURE_REVIEW
Create memory tricks.,EXAM_PREPARATION
give me an analogy for wave-particle duality,ANALOGY_GENERATION
what is the physical interpretation of the curl of a field,EXPLAIN_PHYSICAL_MEANING
what are the weaknesses of this research paper,CRITIQUE_METHOD
what features matter most in this regression,FEATURE_SELECTION
simplify (x^2 - 1)/(x - 1),SIMPLIFY_EXPRESSION
verify the units in this expression,UNIT_ANALYSIS
fix the bug in this merge sort,DEBUG_CODE
are the units consistent in this expression,UNIT_ANALYSIS
fix the bug in this graph traversal,DEBUG_CODE
make a flowchart for CPU scheduling FCFS SJF Round Robin,DRAW_FLOWCHART
check my solution: x = 0 and x = 3,CHECK_MATH_SOLUTION
explain asymptotic notation using an analogy,ANALOGY_GENERATION
analyze the Bode plot,SIGNAL_ANALYSIS
simplify the expression sin^2(x) + cos^2(x),SIMPLIFY_EXPRESSION
compute the Bode plot,SIGNAL_ANALYSIS
what does imaginary time actually mean,EXPLAIN_PHYSICAL_MEANING
generate flashcards for operating systems,CREATE_FLASHCARDS
show the derivation of Maxwell's equations,DERIVE_EQUATION
explain the limitations of this journal article,CRITIQUE_METHOD
where does the compound interest formula come from,DERIVE_FORMULA
give me exam tips for OpenCL,EXAM_PREPARATION
debug this Python recursion code,DEBUG_CODE
verify whether water boils at 90C at sea level,FACT_CHECK
draw and label the nephron,DRAW_LABELED_DIAGRAM
generate related work for graph neural networks,LITERATURE_REVIEW
solve 2x^2 - 8 and explain each step,SOLVE_STEP_BY_STEP
create memory tricks for digital logic,EXAM_PREPARATION
show where my derivation went wrong,FIND_ERROR
explain wave-particle duality as if I knew nothing about it,ELI5_EXPLANATION
improve the performance of my linked list code,OPTIMIZE_CODE
"I got 3/5, check if my answer is correct",CHECK_MATH_SOLUTION
fix the readability on this graph,VISUALIZATION_IMPROVEMENT
write code for a binary search in C++,GENERATE_CODE
find the derivative of 1/(x^2 + 1) and explain every step,SOLVE_STEP_BY_STEP
compute the current through a 10 ohm resistor,SOLVE_NUMERICAL
design a system for a traffic light controller,SYSTEM_DESIGN
compute the frequency response,SIGNAL_ANALYSIS
how is the bias-variance tradeoff used in real life,REAL_WORLD_APPLICATION
make practice problems about digital logic,GENERATE_PRACTICE_PROBLEMS
is water boils at 90C at sea level accurate,FACT_CHECK
Explain gradient descent intuitively.,EXPLAIN_INTUITIVELY
"this graph is hard to read, improve it",VISUALIZATION_IMPROVEMENT
what does the Poynting vector actually mean,EXPLAIN_PHYSICAL_MEANING
what do these confidence intervals tell me,RESULT_INTERPRETATION
what's the difference between CNNs and Transformers,COMPARE_METHODS
explain post-quantum cryptography like I'm a beginner,ELI5_EXPLANATION
make my binary search function faster,OPTIMIZE_CODE
find the voltage across this RLC network,CIRCUIT_ANALYSIS
prepare me for my digital logic exam,EXAM_PREPARATION
make practice problems about computer networks,GENERATE_PRACTICE_PROBLEMS
make this graph easier to read,VISUALIZATION_IMPROVEMENT
draw the graph of x^2 sin(x),GRAPH_FUNCTION
condense CUDA into key points,SUMMARIZE_NOTES
Find the electric field at point P.,SOLVE_NUMERICAL
integrate x^2 cos(x),INTEGRATE_FUNCTION
explain the bias-variance tradeoff in the simplest terms,ELI5_EXPLANATION
what is the Big-O of my linked list code,FIND_COMPLEXITY
what are real-world applications of the uncertainty principle,REAL_WORLD_APPLICATION
what's the time complexity of this merge sort,FIND_COMPLEXITY
explain the physical meaning of the Hamiltonian,EXPLAIN_PHYSICAL_MEANING
explain Taylor series using an analogy,ANALOGY_GENERATION
is humans use only 10% of their brain accurate,FACT_CHECK
find the integral of x e^x,INTEGRATE_FUNCTION
compute the equivalent resistance of this voltage divider,CIRCUIT_ANALYSIS
explain angular momentum like I'm a beginner,ELI5_EXPLANATION
what is the antiderivative of sec^2(x),INTEGRATE_FUNCTION
is it true that water boils at 90C at sea level,FACT_CHECK
differentiate 1/(1+x^2),DIFFERENTIATE_FUNCTION
why did my model overfitting,MODEL_EXPLANATION
explain how this sorting function works,EXPLAIN_CODE
verify my answer for this problem,CHECK_ANSWER
generate quantum-resistant alternatives for robotics,RESEARCH_IDEA
create a quiz on compiler design,CREATE_QUIZ
find the bug in this graph traversal,DEBUG_CODE
review this graph for y-range,VISUALIZATION_IMPROVEMENT
find the mistake in my matrix multiplication,FIND_ERROR
help me prepare for tomorrow's algorithm analysis exam,EXAM_PREPARATION
prove that that sqrt(2) is irrational,PROVE_THEOREM
find the mistake in my algebra,FIND_ERROR
find the error in my algebra,FIND_ERROR
what's the difference between BFS and DFS,COMPARE_METHODS
what's a good metaphor for wave-particle duality,ANALOGY_GENERATION
compare CNNs and Transformers,COMPARE_METHODS
verify my answer y = 7,CHECK_MATH_SOLUTION
check the units of this expression,UNIT_ANALYSIS
how should I revise computer networks for the exam,EXAM_PREPARATION
what features matter most in this sales data,FEATURE_SELECTION
is my reasoning correct for the parser,VERIFY_REASONING
what's the prior work on image segmentation,LITERATURE_REVIEW
review the methodology section of this conference paper,CRITIQUE_METHOD
complete the missing function in this dynamic programming solution,COMPLETE_CODE
prove that that there are infinitely many primes,PROVE_THEOREM
graph arctan(x),GRAPH_FUNCTION
what features matter most in this dataset,FEATURE_SELECTION
make quiz questions for compiler design,CREATE_QUIZ
explain regularization as if I knew nothing about it,ELI5_EXPLANATION
prove the binomial theorem,PROVE_THEOREM
analyze the time complexity of this BFS implementation,FIND_COMPLEXITY
fill in the rest of this loop,COMPLETE_CODE
visualize regularization intuitively,EXPLAIN_INTUITIVELY
is my reasoning correct for my argument,VERIFY_REASONING
compute the momentum of the system,SOLVE_NUMERICAL
explain this dynamic programming solution,EXPLAIN_CODE
verify the units in F = ma,UNIT_ANALYSIS
graph sin(x)/x,GRAPH_FUNCTION
prove that the Pythagorean theorem,PROVE_THEOREM
Critique the methodology.,CRITIQUE_METHOD
analyze this time series,DATA_ANALYSIS
give a proof of the fundamental theorem of calculus,PROVE_THEOREM
devise an algorithm for load balancing,ALGORITHM_DESIGN
help me select features for these survey results,FEATURE_SELECTION
Draw the compiler pipeline from source code to machine code,DRAW_FLOWCHART
show the derivation of Schrodinger's equation,DERIVE_EQUATION
contrast this preprint with the related paper,COMPARE_PAPERS
prepare me for my machine learning exam,EXAM_PREPARATION
work through 3x^2 + 2x - 5 step by step,SOLVE_STEP_BY_STEP
walk me through this dynamic programming solution,EXPLAIN_CODE
what is the derivative of y = -x^2 + 4,DIFFERENTIATE_FUNCTION
why does my linked list code crash,DEBUG_CODE
Why is my model overfitting?,MODEL_EXPLANATION
analyze this RLC network,CIRCUIT_ANALYSIS
what is the derivative of sin(x)/x,DIFFERENTIATE_FUNCTION
what do this ROC curve tell me,RESULT_INTERPRETATION
complete the implementation of this graph traversal,COMPLETE_CODE
contrast this journal article with the related paper,COMPARE_PAPERS
factor the expression 6x^2 - x - 2,FACTOR_EXPRESSION
fix the bug in this Python recursion code,DEBUG_CODE
find the bug in this BFS implementation,DEBUG_CODE
derive the equation for the lens equation,DERIVE_EQUATION
do an exploratory analysis of this time series,DATA_ANALYSIS
complete the implementation of this Python recursion code,COMPLETE_CODE
why does this Python recursion code crash,DEBUG_CODE
tell me about matrix rank,EXPLAIN_CONCEPT
implement quicksort in Python,GENERATE_CODE
fill in the rest of this BFS implementation,COMPLETE_CODE
what's the intuitive idea behind quantum tunneling,EXPLAIN_INTUITIVELY
suggest a novel research direction in computer vision,RESEARCH_IDEA
what are the weaknesses of this conference paper,CRITIQUE_METHOD
how is blockchain consensus used in real life applications,REAL_WORLD_APPLICATION
help me build intuition for garbage collection,EXPLAIN_INTUITIVELY
interpret these YOLO detection results,RESULT_INTERPRETATION
fix the bug in this sorting function,DEBUG_CODE
analyze the statistical significance in this dataset,DATA_ANALYSIS
compute d/dx of x^3 - 3x,DIFFERENTIATE_FUNCTION
graph the curve 1/(1+x^2),GRAPH_FUNCTION
explain gradient descent,EXPLAIN_CONCEPT
factorize x^2 - 4,FACTOR_EXPRESSION
design an algorithm for load balancing,ALGORITHM_DESIGN
Check my proof.,VERIFY_REASONING
compare these two papers,COMPARE_PAPERS
derive the formula for the sum of an arithmetic series,DERIVE_FORMULA
Interpret p-values.,RESULT_INTERPRETATION
what does the divergence actually mean,EXPLAIN_PHYSICAL_MEANING
analyze this dataset,DATA_ANALYSIS
check my answer for the homework,CHECK_ANSWER
make practice problems about data structures,GENERATE_PRACTICE_PROBLEMS
summarize my notes on MPI,SUMMARIZE_NOTES
find the derivative of e^x,DIFFERENTIATE_FUNCTION
what's an open problem in robotics,RESEARCH_IDEA
explain how my binary search function works,EXPLAIN_CODE
how would you design a traffic light controller,SYSTEM_DESIGN
what's an open problem in cryptography,RESEARCH_IDEA
test my understanding of OpenCL,CREATE_QUIZ
help me interpret this ROC curve,RESULT_INTERPRETATION
Verify mathematical induction proof.,VERIFY_REASONING
improve the performance of this Python recursion code,OPTIMIZE_CODE
draw a labeled diagram of a neuron,DRAW_LABELED_DIAGRAM
find the mistake in my proof attempt,FIND_ERROR
help me select features for this time series,FEATURE_SELECTION
make flashcards on computer networks,CREATE_FLASHCARDS
where is SLAM used in practice,REAL_WORLD_APPLICATION
Prepare me for tomorrow's exam.,EXAM_PREPARATION
review this graph,VISUALIZATION_IMPROVEMENT
create memory tricks for machine learning,EXAM_PREPARATION
analyze this voltage divider,CIRCUIT_ANALYSIS
tell me about entropy,EXPLAIN_CONCEPT
what is the derivative of x^3 - 3x,DIFFERENTIATE_FUNCTION
give an overview of electromagnetic induction,EXPLAIN_CONCEPT
implement Arduino code to blink an LED,GENERATE_CODE
what is the kinetic energy of a 2 kg ball at 3 m/s,SOLVE_NUMERICAL
generate a binary search in C++,GENERATE_CODE
fact-check this: the speed of light is constant,FACT_CHECK
create flashcards for OpenCL,CREATE_FLASHCARDS
show where my matrix multiplication went wrong,FIND_ERROR
write a literature review on image segmentation,LITERATURE_REVIEW
test my understanding of digital logic,CREATE_QUIZ
explore this dataset,DATA_ANALYSIS
solve x^2 - 9 step by step,SOLVE_STEP_BY_STEP
find the derivative of x^2 e^-x,DIFFERENTIATE_FUNCTION
summarize digital logic,SUMMARIZE_NOTES
"I solved it and got x = -2, is that right",CHECK_MATH_SOLUTION
derive the formula for the quadratic formula,DERIVE_FORMULA
find the voltage across this voltage divider,CIRCUIT_ANALYSIS
Factor x^2-9.,FACTOR_EXPRESSION
make this graph better,VISUALIZATION_IMPROVEMENT
what is the physical interpretation of the wavefunction,EXPLAIN_PHYSICAL_MEANING
make practice problems about machine learning,GENERATE_PRACTICE_PROBLEMS
generate viva questions for database systems,CREATE_QUIZ
Plot lookup cost vs load factor for hash tables,GRAPH_FUNCTION
review the methodology section of this preprint,CRITIQUE_METHOD
explain special relativity intuitively,EXPLAIN_INTUITIVELY
identify research gaps in computer vision,RESEARCH_IDEA
find the voltage across this transistor amplifier,CIRCUIT_ANALYSIS
design a waste-sorting robot,SYSTEM_DESIGN
calculate the period of a 1 m pendulum,SOLVE_NUMERICAL
sketch x^2 sin(x),GRAPH_FUNCTION
make practice problems about CUDA,GENERATE_PRACTICE_PROBLEMS
what's wrong with my matrix multiplication,FIND_ERROR
write a literature review on reinforcement learning,LITERATURE_REVIEW
generate related work for my thesis topic,LITERATURE_REVIEW
Debug this Python recursion code.,DEBUG_CODE
explain the physical meaning of imaginary time,EXPLAIN_PHYSICAL_MEANING
find the force on a 5 kg mass accelerating at 2 m/s^2,SOLVE_NUMERICAL
explain this BFS implementation,EXPLAIN_CODE
what is limits,EXPLAIN_CONCEPT
spot the flaw in my integration,FIND_ERROR
compute the equivalent resistance of this RLC network,CIRCUIT_ANALYSIS
can my linked list code be optimized,OPTIMIZE_CODE
explain attention mechanisms using an analogy,ANALOGY_GENERATION
give me an analogy for entropy,ANALOGY_GENERATION
compute the equivalent resistance of this transistor amplifier,CIRCUIT_ANALYSIS
verify my answer 12,CHECK_MATH_SOLUTION
evaluate the experimental design of this journal article,CRITIQUE_METHOD
spot the flaw in my proof attempt,FIND_ERROR
show me how to solve x^2 - 9 with all steps,SOLVE_STEP_BY_STEP
verify my reasoning about my argument,VERIFY_REASONING
what are real-world applications of the bias-variance tradeoff,REAL_WORLD_APPLICATION
what's wrong with my integration,FIND_ERROR
design a system for a temperature regulation system,SYSTEM_DESIGN
find the integral of ln(x),INTEGRATE_FUNCTION
help me interpret this p-value,RESULT_INTERPRETATION
make this BFS implementation faster,OPTIMIZE_CODE
find the momentum of the system,SOLVE_NUMERICAL
explain the product rule like I'm a beginner,ELI5_EXPLANATION
graph tan(x),GRAPH_FUNCTION
simplify 2x^2 - 8,SIMPLIFY_EXPRESSION
compare this paper with prior work,COMPARE_PAPERS
give me a summary of this research paper,SUMMARIZE_NOTES
are the units consistent in this formula,UNIT_ANALYSIS
work through sin^2(x) step by step,SOLVE_STEP_BY_STEP
Explain asymptotic notation.,EXPLAIN_CONCEPT
improve the title of this graph,VISUALIZATION_IMPROVEMENT
what is the derivative of ln(x),DIFFERENTIATE_FUNCTION
derive the formula for the compound interest formula,DERIVE_FORMULA
prove the Pythagorean theorem,PROVE_THEOREM
flowchart the process of compiler pipeline stages,DRAW_FLOWCHART
generate harder versions of these data structures problems,GENERATE_PRACTICE_PROBLEMS
can my binary search function be optimized,OPTIMIZE_CODE
what is the Big-O of merge sort,FIND_COMPLEXITY
derive the formula for the Euler's formula,DERIVE_FORMULA
sketch the human heart and label its parts,DRAW_LABELED_DIAGRAM
turn database systems into flashcards,CREATE_FLASHCARDS
improve the performance of this merge sort,OPTIMIZE_CODE
find the derivative of 2x^2 - 8 and explain every step,SOLVE_STEP_BY_STEP
solve sin^2(x) step by step,SOLVE_STEP_BY_STEP
explain how this graph traversal works,EXPLAIN_CODE
simplify 1/(x^2 + 1),SIMPLIFY_EXPRESSION
what's the difference between supervised and unsupervised learning,COMPARE_METHODS
can this graph traversal be optimized,OPTIMIZE_CODE
what is the force on a 5 kg mass accelerating at 2 m/s^2,SOLVE_NUMERICAL
what are real-world applications of determinants,REAL_WORLD_APPLICATION
give me an analogy for special relativity,ANALOGY_GENERATION
factorize x^3 - 8,FACTOR_EXPRESSION
contrast BFS and DFS,COMPARE_METHODS
what's the difference between AES and ChaCha20,COMPARE_METHODS
how would you design an elevator control system,SYSTEM_DESIGN
analyze whether this induction proof is correct,VERIFY_REASONING
visualize backpropagation intuitively,EXPLAIN_INTUITIVELY
plot ln(x),GRAPH_FUNCTION
summarize the literature on graph neural networks,LITERATURE_REVIEW
is my the homework answer correct,CHECK_ANSWER
is my chemistry answer correct,CHECK_ANSWER
what's the time complexity of merge sort,FIND_COMPLEXITY
summarize my notes on this research paper,SUMMARIZE_NOTES
give an overview of complex numbers,EXPLAIN_CONCEPT
complete the missing function in this sorting function,COMPLETE_CODE
design a system for a home automation system,SYSTEM_DESIGN
suggest a novel research direction in machine learning,RESEARCH_IDEA
derive the area of a circle,DERIVE_FORMULA
give me code for Dijkstra's algorithm in Java,GENERATE_CODE
what is the physical interpretation of the Hamiltonian,EXPLAIN_PHYSICAL_MEANING
find the mistake in my force calculation,FIND_ERROR
what does the Hamiltonian represent physically,EXPLAIN_PHYSICAL_MEANING
explain precision and recall in the simplest terms,ELI5_EXPLANATION
visualize garbage collection intuitively,EXPLAIN_INTUITIVELY
generate practice questions on CUDA,GENERATE_PRACTICE_PROBLEMS
explain this graph traversal,EXPLAIN_CODE
"I solved it and got x = 4, is that right",CHECK_MATH_SOLUTION
Explain blockchain consensus.,EXPLAIN_CONCEPT
complete the implementation of this merge sort,COMPLETE_CODE
label the structure of a plant cell,DRAW_LABELED_DIAGRAM
what is the physical interpretation of the divergence,EXPLAIN_PHYSICAL_MEANING
where is precision and recall used in practice,REAL_WORLD_APPLICATION
analyze this op-amp circuit,CIRCUIT_ANALYSIS
what features matter most in this experiment's data,FEATURE_SELECTION
fix the bug in this dynamic programming solution,DEBUG_CODE
Why is my sensor noisy?,VERIFY_REASONING
compare analog and digital signals,COMPARE_METHODS
interpret these accuracy metrics,RESULT_INTERPRETATION
architect a traffic light controller,SYSTEM_DESIGN
SN1 and SN2 reactions: which is better,COMPARE_METHODS
prove the mean value theorem,PROVE_THEOREM
compute the integral of 1/(x^2+1),INTEGRATE_FUNCTION
review the methodology section of this thesis chapter,CRITIQUE_METHOD
make a flowchart for Dijkstra's algorithm,DRAW_FLOWCHART
Explain TCP handshake and packet retransmission,EXPLAIN_CONCEPT
generate flashcards for cryptography,CREATE_FLASHCARDS
generate harder versions of these CUDA problems,GENERATE_PRACTICE_PROBLEMS
debug this graph traversal,DEBUG_CODE
what do these confusion matrix results tell me,RESULT_INTERPRETATION
find an analogy to help me understand the uncertainty principle,ANALOGY_GENERATION
what does the wavefunction actually mean,EXPLAIN_PHYSICAL_MEANING
factor the expression x^2 - 9,FACTOR_EXPRESSION
give me the intuition behind special relativity,EXPLAIN_INTUITIVELY
tell me about asymptotic notation,EXPLAIN_CONCEPT
compare L1 and L2 regularization,COMPARE_METHODS
Explain the limitations.,CRITIQUE_METHOD
draw a labeled diagram of the human heart,DRAW_LABELED_DIAGRAM
can this BFS implementation be optimized,OPTIMIZE_CODE
determine the impulse response,SIGNAL_ANALYSIS
devise an algorithm for route planning,ALGORITHM_DESIGN
Find the bug causing segmentation faults.,DEBUG_CODE
Make a revision sheet.,SUMMARIZE_NOTES
generate quantum-resistant alternatives for NLP,RESEARCH_IDEA
review this graph for scaling,VISUALIZATION_IMPROVEMENT
help me prepare for tomorrow's digital logic exam,EXAM_PREPARATION
optimize this SQL query for this sorting function,OPTIMIZE_CODE
Test my understanding of MPI.,CREATE_QUIZ
factor the expression x^3 - 8,FACTOR_EXPRESSION
reduce (2x + 4)/2 to simplest form,SIMPLIFY_EXPRESSION
do an exploratory analysis of this sales data,DATA_ANALYSIS
ELI5 eigenvalues,ELI5_EXPLANATION
explore this time series,DATA_ANALYSIS
verify whether light travels faster than sound,FACT_CHECK
is it true that humans use only 10% of their brain,FACT_CHECK
summarize my notes on this lecture,SUMMARIZE_NOTES
analyze the time complexity of my linked list code,FIND_COMPLEXITY
derive the quadratic formula,DERIVE_FORMULA
give me code for ROS code for robot navigation,GENERATE_CODE
label the structure of a BJT transistor,DRAW_LABELED_DIAGRAM
is the Great Wall is visible from space accurate,FACT_CHECK
summarize this lecture,SUMMARIZE_NOTES
derive the formula for the volume of a sphere,DERIVE_FORMULA
give me the intuition behind the central limit theorem,EXPLAIN_INTUITIVELY
check dimensional consistency of this expression,UNIT_ANALYSIS
check my proof of my argument,VERIFY_REASONING
prepare me for my OpenCL exam,EXAM_PREPARATION
which features should I remove from this time series,FEATURE_SELECTION
calculate the force on a 5 kg mass accelerating at 2 m/s^2,SOLVE_NUMERICAL
what trends are in this dataset,DATA_ANALYSIS
find the current in this RLC network,CIRCUIT_ANALYSIS
"I got x = -2, check if my answer is correct",CHECK_MATH_SOLUTION
help me interpret these accuracy metrics,RESULT_INTERPRETATION
how should I revise digital logic for the exam,EXAM_PREPARATION
what's a good metaphor for garbage collection,ANALOGY_GENERATION
spot the flaw in my limit computation,FIND_ERROR
do an exploratory analysis of these survey results,DATA_ANALYSIS
derive the formula for the distance formula,DERIVE_FORMULA
interpret the results of these clustering results,RESULT_INTERPRETATION
which features should I remove from my model,FEATURE_SELECTION
explain blockchain consensus as if I knew nothing about it,ELI5_EXPLANATION
summarize the literature on image segmentation,LITERATURE_REVIEW
calculate the momentum of the system,SOLVE_NUMERICAL
what's the time complexity of this Python recursion code,FIND_COMPLEXITY
calculate the velocity after 5 seconds under gravity,SOLVE_NUMERICAL
generate exam-level challenges for MPI,GENERATE_PRACTICE_PROBLEMS
what is the momentum of the system,SOLVE_NUMERICAL
what's the difference between Random Forest and XGBoost,COMPARE_METHODS
Compare these two papers.,COMPARE_PAPERS
show where my force calculation went wrong,FIND_ERROR
is it true that the Great Wall is visible from space,FACT_CHECK
what's the prior work on reinforcement learning,LITERATURE_REVIEW
write Dijkstra's algorithm in Java,GENERATE_CODE
find the derivative of x^3 - 3x and explain every step,SOLVE_STEP_BY_STEP
which variables should I drop in this dataset,FEATURE_SELECTION
factor the expression x^2 - 4,FACTOR_EXPRESSION
factorize 2x^2 + 7x + 3,FACTOR_EXPRESSION
are the units consistent in v = u + at,UNIT_ANALYSIS
identify research gaps in cryptography,RESEARCH_IDEA
finish this my linked list code,COMPLETE_CODE
is my answer x = 0 and x = 3 correct,CHECK_MATH_SOLUTION
optimize this SQL query for this graph traversal,OPTIMIZE_CODE
find the derivative of arctan(x),DIFFERENTIATE_FUNCTION
Can this algorithm be optimized?,OPTIMIZE_CODE
find an analogy to help me understand cross-validation,ANALOGY_GENERATION
fix the labeling on this graph,VISUALIZATION_IMPROVEMENT
interpret the results of these p-values,RESULT_INTERPRETATION
find the current in this RC circuit,CIRCUIT_ANALYSIS
Analyze YOLO detection results.,RESULT_INTERPRETATION
check my solution: 12,CHECK_MATH_SOLUTION
integrate e^x sin(x),INTEGRATE_FUNCTION
ELI5 blockchain consensus,ELI5_EXPLANATION
Create flashcards for compiler design.,CREATE_FLASHCARDS
what trends are in this experiment's data,DATA_ANALYSIS
what's a good metaphor for electromagnetic induction,ANALOGY_GENERATION
what do this regression output tell me,RESULT_INTERPRETATION
make flashcards on machine learning,CREATE_FLASHCARDS
why did my model predicting only one class,MODEL_EXPLANATION
generate flashcards for digital logic,CREATE_FLASHCARDS
what are the key ideas of the product rule,EXPLAIN_CONCEPT
debug this merge sort,DEBUG_CODE
critique the methodology of this preprint,CRITIQUE_METHOD
is my answer x = 4 correct,CHECK_MATH_SOLUTION
show the steps of hash table collision resolution as a flowchart,DRAW_FLOWCHART
fix the bug in this BFS implementation,DEBUG_CODE
calculate the electric field at point P,SOLVE_NUMERICAL
how does electromagnetic induction work,EXPLAIN_CONCEPT
make a revision sheet for chapter 5,SUMMARIZE_NOTES
what is the physical interpretation of entropy,EXPLAIN_PHYSICAL_MEANING
what is compiler parsing,EXPLAIN_CONCEPT
sketch a neuron and label its parts,DRAW_LABELED_DIAGRAM
Explain compiler parsing.,EXPLAIN_CONCEPT
walk me through this merge sort,EXPLAIN_CODE
determine the transfer function,SIGNAL_ANALYSIS
summarize algorithm analysis,SUMMARIZE_NOTES
verify the correctness of this induction proof,VERIFY_REASONING
find the complexity of merge sort,FIND_COMPLEXITY
improve the performance of this BFS implementation,OPTIMIZE_CODE
find the derivative of (x^2 - 4)/(x - 2) and explain every step,SOLVE_STEP_BY_STEP
tell me about blockchain consensus,EXPLAIN_CONCEPT
explain the chain rule like I'm a beginner,ELI5_EXPLANATION
Explain SLAM.,EXPLAIN_CONCEPT
Integrate sin^2(x).,INTEGRATE_FUNCTION
do a dimensional analysis of the drag equation,UNIT_ANALYSIS
analyze the time complexity of this dynamic programming solution,FIND_COMPLEXITY
Review my methodology section.,CRITIQUE_METHOD
draw a flowchart of photosynthesis,DRAW_FLOWCHART
what are the key ideas of electromagnetic induction,EXPLAIN_CONCEPT
what's the intuitive idea behind ambiguity in context-free grammars,EXPLAIN_INTUITIVELY
check the units of the drag equation,UNIT_ANALYSIS
find the error in my force calculation,FIND_ERROR
find the bug causing segmentation faults in this Python recursion code,DEBUG_CODE
Generate LALR parsing questions.,CREATE_QUIZ
generate exam-level challenges for computer networks,GENERATE_PRACTICE_PROBLEMS
give practical applications of dropout,REAL_WORLD_APPLICATION
compute the integral of sin^2(x),INTEGRATE_FUNCTION
how does complex numbers work,EXPLAIN_CONCEPT
improve the labeling of this graph,VISUALIZATION_IMPROVEMENT
factor 2x^2 + 7x + 3,FACTOR_EXPRESSION
what are the weaknesses of this thesis chapter,CRITIQUE_METHOD
give an overview of cross-validation,EXPLAIN_CONCEPT
derive the ideal gas law,DERIVE_EQUATION
make quiz questions for operating systems,CREATE_QUIZ
solve 1/(x^2 + 1) step by step,SOLVE_STEP_BY_STEP
optimize this SQL query for this dynamic programming solution,OPTIMIZE_CODE
derive the kinematic equations,DERIVE_EQUATION
condense database systems into key points,SUMMARIZE_NOTES
What does entropy actually mean?,EXPLAIN_PHYSICAL_MEANING
simplify the expression sin^2(x),SIMPLIFY_EXPRESSION
critique the methodology of my experiment,CRITIQUE_METHOD
what is the Big-O of this graph traversal,FIND_COMPLEXITY
find the derivative of x^2 sin(x),DIFFERENTIATE_FUNCTION
illustrate the human eye with labels,DRAW_LABELED_DIAGRAM
find the period of a 1 m pendulum,SOLVE_NUMERICAL
generate related work for reinforcement learning,LITERATURE_REVIEW
Generate CUDA interview questions.,CREATE_QUIZ
generate practice questions on operating systems,GENERATE_PRACTICE_PROBLEMS
what does entropy represent physically,EXPLAIN_PHYSICAL_MEANING
improve the axes of this graph,VISUALIZATION_IMPROVEMENT
simplify the expression x^3 - 3x,SIMPLIFY_EXPRESSION
what is the space complexity of this BFS implementation,FIND_COMPLEXITY
what are the key ideas of the uncertainty principle,EXPLAIN_CONCEPT
graph the curve y = x^2,GRAPH_FUNCTION
verify my answer for chemistry,CHECK_ANSWER
solve this voltage divider,CIRCUIT_ANALYSIS
"The cubic should be y=x^3, not y=x^3-3x. Fix this graph.",VISUALIZATION_IMPROVEMENT
suggest a novel research direction in cryptography,RESEARCH_IDEA
find the bug in this merge sort,DEBUG_CODE
find the velocity after 5 seconds under gravity,SOLVE_NUMERICAL
give me a summary of MPI,SUMMARIZE_NOTES
debug this dynamic programming solution,DEBUG_CODE
help me prepare for tomorrow's OpenCL exam,EXAM_PREPARATION
check my answer for physics,CHECK_ANSWER
prepare me for my compiler design exam,EXAM_PREPARATION
give me an analogy for limits,ANALOGY_GENERATION
verify my answer x = -2,CHECK_MATH_SOLUTION
Improve this graph.,VISUALIZATION_IMPROVEMENT
find the bug in this dynamic programming solution,DEBUG_CODE
which features should I remove from these survey results,FEATURE_SELECTION
create a quiz on CUDA,CREATE_QUIZ
where does the sum of an arithmetic series come from,DERIVE_FORMULA
Compare results with prior work.,COMPARE_PAPERS
spot the flaw in my matrix multiplication,FIND_ERROR
summarize the literature on post-quantum cryptography,LITERATURE_REVIEW
label the structure of the human heart,DRAW_LABELED_DIAGRAM
contrast TCP and UDP,COMPARE_METHODS
give me a summary of database systems,SUMMARIZE_NOTES
compute d/dx of arctan(x),DIFFERENTIATE_FUNCTION
propose a research idea for NLP,RESEARCH_IDEA
plot y = x^2,GRAPH_FUNCTION
compute d/dx of x^2 sin(x),DIFFERENTIATE_FUNCTION
complete the missing function in my linked list code,COMPLETE_CODE
make flashcards on digital logic,CREATE_FLASHCARDS
Derive the quadratic formula.,DERIVE_FORMULA
did I get the physics right,CHECK_ANSWER
show 1/(1+x^2) on a coordinate plane,GRAPH_FUNCTION
Compare AES and ChaCha20.,COMPARE_METHODS
what are the key ideas of eigenvalues,EXPLAIN_CONCEPT
generate flashcards for data structures,CREATE_FLASHCARDS
what is the current through a 10 ohm resistor,SOLVE_NUMERICAL
optimize this merge sort,OPTIMIZE_CODE
solve this RLC network,CIRCUIT_ANALYSIS
explain the central limit theorem,EXPLAIN_CONCEPT
what's a good metaphor for quantum tunneling,ANALOGY_GENERATION
diagram the workflow of hash table collision resolution,DRAW_FLOWCHART
sketch 1/(1+x^2),GRAPH_FUNCTION
complete the missing function in this graph traversal,COMPLETE_CODE
give me a summary of operating systems,SUMMARIZE_NOTES
suggest improvements because my model not converging,MODEL_EXPLANATION
check my answer for this problem,CHECK_ANSWER
walk me through this graph traversal,EXPLAIN_CODE
what are the key ideas of precision and recall,EXPLAIN_CONCEPT
fact-check this: humans use only 10% of their brain,FACT_CHECK
how does post-quantum cryptography work,EXPLAIN_CONCEPT
what features matter most in these survey results,FEATURE_SELECTION
Prove Bayes theorem.,PROVE_THEOREM
simplify the expression x^2 sin(x),SIMPLIFY_EXPRESSION
make flashcards on CUDA,CREATE_FLASHCARDS
give me code for a REST API in Flask,GENERATE_CODE
what does my linked list code do,EXPLAIN_CODE
propose a research idea for cryptography,RESEARCH_IDEA
why is my model not converging,MODEL_EXPLANATION
explore this experiment's data,DATA_ANALYSIS
integrate 1/(x^2+1),INTEGRATE_FUNCTION
what is the physical interpretation of negative temperature,EXPLAIN_PHYSICAL_MEANING
find the factors of x^3 - 8,FACTOR_EXPRESSION
Design a distributed system.,SYSTEM_DESIGN
prepare me for my computer networks exam,EXAM_PREPARATION
show me how to solve x^2 sin(x) with all steps,SOLVE_STEP_BY_STEP
help me select features for this dataset,FEATURE_SELECTION
how is complex numbers used in real life,REAL_WORLD_APPLICATION
suggest a novel research direction in robotics,RESEARCH_IDEA
tell me about wave-particle duality,EXPLAIN_CONCEPT
give me the intuition behind limits,EXPLAIN_INTUITIVELY
show me how to solve x^3 - 3x with all steps,SOLVE_STEP_BY_STEP
optimize this SQL query for this merge sort,OPTIMIZE_CODE
solve this transistor amplifier,CIRCUIT_ANALYSIS
make a flowchart for DNA replication,DRAW_FLOWCHART
is the speed of light is constant accurate,FACT_CHECK
design an efficient approach for matching students to projects,ALGORITHM_DESIGN
compute d/dx of sin(x)/x,DIFFERENTIATE_FUNCTION
devise an algorithm for matching students to projects,ALGORITHM_DESIGN
flowchart the process of CPU scheduling FCFS SJF Round Robin,DRAW_FLOWCHART
draw a flowchart of the water cycle,DRAW_FLOWCHART
explain this sorting function,EXPLAIN_CODE
summarize my notes on CUDA,SUMMARIZE_NOTES
verify my answer for circuit,CHECK_ANSWER
interpret the results of these confusion matrix results,RESULT_INTERPRETATION
verify my answer for the homework,CHECK_ANSWER
complete the implementation of this loop,COMPLETE_CODE
complete the missing function in my binary search function,COMPLETE_CODE
give me exam tips for CUDA,EXAM_PREPARATION
what's the prior work on federated learning,LITERATURE_REVIEW
how should I revise machine learning for the exam,EXAM_PREPARATION
is it true that light travels faster than sound,FACT_CHECK
derive the equation for the Lorentz force law,DERIVE_EQUATION
implement a logistic regression in Python,GENERATE_CODE
bagging and boosting: which is better,COMPARE_METHODS
show a proof for Bayes theorem,PROVE_THEOREM
draw a flowchart of glycolysis,DRAW_FLOWCHART
where is electromagnetic induction used in practice,REAL_WORLD_APPLICATION
fix the title on this graph,VISUALIZATION_IMPROVEMENT
simplify the expression (x^2 - 4)/(x - 2),SIMPLIFY_EXPRESSION
create memory tricks for CUDA,EXAM_PREPARATION
explain gradient descent in the simplest terms,ELI5_EXPLANATION
explain how this dynamic programming solution works,EXPLAIN_CODE
make a flowchart for hash table collision resolution,DRAW_FLOWCHART
Interpret these confusion matrix results.,RESULT_INTERPRETATION
review this graph for axes,VISUALIZATION_IMPROVEMENT
sketch the benzene ring and label its parts,DRAW_LABELED_DIAGRAM
architect a distributed system,SYSTEM_DESIGN
Graph open addressing vs chaining as load factor increases,GRAPH_FUNCTION
explain the limitations of my experiment,CRITIQUE_METHOD
condense digital logic into key points,SUMMARIZE_NOTES
which features should I remove from this experiment's data,FEATURE_SELECTION
what are the weaknesses of this preprint,CRITIQUE_METHOD
summarize data structures,SUMMARIZE_NOTES
what do these clustering results tell me,RESULT_INTERPRETATION
what's a good metaphor for entropy,ANALOGY_GENERATION
explain the physical meaning of the Poynting vector,EXPLAIN_PHYSICAL_MEANING
what's a good metaphor for complex numbers,ANALOGY_GENERATION
check my answer for circuit,CHECK_ANSWER
Complete the missing function.,COMPLETE_CODE
summarize the literature on my thesis topic,LITERATURE_REVIEW
fill in the rest of my linked list code,COMPLETE_CODE
integrate sec^2(x),INTEGRATE_FUNCTION
what is the final temperature of the mixture,SOLVE_NUMERICAL
suggest a novel research direction in NLP,RESEARCH_IDEA
give me a summary of computer networks,SUMMARIZE_NOTES
find the current in this op-amp circuit,CIRCUIT_ANALYSIS
find the factors of x^2 - 4,FACTOR_EXPRESSION
generate flashcards for algorithm analysis,CREATE_FLASHCARDS
derive the wave equation,DERIVE_EQUATION
simplify the expression 1/(x^2 + 1),SIMPLIFY_EXPRESSION
determine the velocity after 5 seconds under gravity,SOLVE_NUMERICAL
solve x^2 sin(x) and explain each step,SOLVE_STEP_BY_STEP
where is dropout used in practice,REAL_WORLD_APPLICATION
check my solution: x = 4,CHECK_MATH_SOLUTION
optimize this graph traversal,OPTIMIZE_CODE
generate viva questions for digital logic,CREATE_QUIZ
test my understanding of compiler design,CREATE_QUIZ
summarize chapter 5,SUMMARIZE_NOTES
compute the integral of ln(x),INTEGRATE_FUNCTION
show the steps of compiler pipeline stages as a flowchart,DRAW_FLOWCHART
where is special relativity used in practice,REAL_WORLD_APPLICATION
prove the fundamental theorem of calculus,PROVE_THEOREM
turn machine learning into flashcards,CREATE_FLASHCARDS
plot the function x^3 - 3x,GRAPH_FUNCTION
explain my binary search function,EXPLAIN_CODE
find the mistake in my limit computation,FIND_ERROR
why is my model predicting only one class,MODEL_EXPLANATION
suggest improvements because my model overfitting,MODEL_EXPLANATION
Find the mistake in my integration.,FIND_ERROR
write a binary search in C++,GENERATE_CODE
Why does the product rule work?,EXPLAIN_CONCEPT
analyze the statistical significance in this sales data,DATA_ANALYSIS
find the current in this transistor amplifier,CIRCUIT_ANALYSIS
find the Bode plot,SIGNAL_ANALYSIS
check the units of the energy equation,UNIT_ANALYSIS
what is the antiderivative of x^2 cos(x),INTEGRATE_FUNCTION
contrast Newtonian mechanics and relativity,COMPARE_METHODS
verify the units in the energy equation,UNIT_ANALYSIS
contrast this thesis chapter with the related paper,COMPARE_PAPERS
come up with an algorithm to scheduling tasks,ALGORITHM_DESIGN
write code for ROS code for robot navigation,GENERATE_CODE
show the derivation of the Lorentz force law,DERIVE_EQUATION
compute d/dx of sqrt(x),DIFFERENTIATE_FUNCTION
determine the period of a 1 m pendulum,SOLVE_NUMERICAL
summarize my notes on computer networks,SUMMARIZE_NOTES
reduce x^2 sin(x) to simplest form,SIMPLIFY_EXPRESSION
find the bug in my linked list code,DEBUG_CODE
derive the distance formula,DERIVE_FORMULA
generate practice questions on algorithm analysis,GENERATE_PRACTICE_PROBLEMS
simplify the expression (2x + 4)/2,SIMPLIFY_EXPRESSION
fill in the rest of this graph traversal,COMPLETE_CODE
explain virtual memory intuitively,EXPLAIN_INTUITIVELY
find the derivative of 3x^2 + 2x - 5 and explain every step,SOLVE_STEP_BY_STEP
show a proof for the Pythagorean theorem,PROVE_THEOREM
make a flowchart for open addressing vs chaining,DRAW_FLOWCHART
find the error in my limit computation,FIND_ERROR
determine the electric field at point P,SOLVE_NUMERICAL
show the derivation of the compound interest formula,DERIVE_FORMULA
finish this this graph traversal,COMPLETE_CODE
interpret the results of this regression output,RESULT_INTERPRETATION
TCP and UDP: which is better,COMPARE_METHODS
critique the methodology of this thesis chapter,CRITIQUE_METHOD
generate cryptography interview questions,CREATE_QUIZ
find the derivative of x^2 sin(x) and explain every step,SOLVE_STEP_BY_STEP
fact-check this: light travels faster than sound,FACT_CHECK
"Show BST formed by inserting 1,2,3,4,5,6,7 and 4,2,6,1,3,5,7",DRAW_LABELED_DIAGRAM
generate practice questions on digital logic,GENERATE_PRACTICE_PROBLEMS
give me practice problems for cryptography,GENERATE_PRACTICE_PROBLEMS
is my reasoning correct for this theorem proof,VERIFY_REASONING
show the derivation of the lens equation,DERIVE_EQUATION
integrate ln(x),INTEGRATE_FUNCTION
show tan(x) on a coordinate plane,GRAPH_FUNCTION
find the derivative of sin^2(x) and explain every step,SOLVE_STEP_BY_STEP
design an efficient approach for route planning,ALGORITHM_DESIGN
what are the key ideas of ambiguity in context-free grammars,EXPLAIN_CONCEPT
Check the units of this formula.,UNIT_ANALYSIS
find the complexity of this Python recursion code,FIND_COMPLEXITY
Make this plot clearer for students.,VISUALIZATION_IMPROVEMENT
contrast this research paper with the related paper,COMPARE_PAPERS
determine the momentum of the system,SOLVE_NUMERICAL
where does the quadratic formula come from,DERIVE_FORMULA
find the factors of x^2 - 9,FACTOR_EXPRESSION
reduce cos(x)/x to simplest form,SIMPLIFY_EXPRESSION
why does my binary search function crash,DEBUG_CODE
explain the central limit theorem as if I knew nothing about it,ELI5_EXPLANATION
design an efficient approach for detecting cycles in a graph,ALGORITHM_DESIGN
Summarize this thesis chapter.,SUMMARIZE_NOTES
Explain this BFS implementation.,EXPLAIN_CODE
walk me through my linked list code,EXPLAIN_CODE
turn cryptography into flashcards,CREATE_FLASHCARDS
contrast Random Forest and XGBoost,COMPARE_METHODS
verify the correctness of my argument,VERIFY_REASONING
where is cross-validation used in practice,REAL_WORLD_APPLICATION
why is my model underfitting,MODEL_EXPLANATION
Check parser correctness.,VERIFY_REASONING
Prove that sqrt(2) is irrational.,PROVE_THEOREM
simplify sin^2(x),SIMPLIFY_EXPRESSION
complete the missing function in this Python recursion code,COMPLETE_CODE
come up with an algorithm to finding the shortest path,ALGORITHM_DESIGN
solve e^x cos(x) step by step,SOLVE_STEP_BY_STEP
derive Schrodinger's equation,DERIVE_EQUATION
"I solved it and got 12, is that right",CHECK_MATH_SOLUTION
how is determinants used in real life,REAL_WORLD_APPLICATION
walk me through this Python recursion code,EXPLAIN_CODE
what does this BFS implementation do,EXPLAIN_CODE
analyze this sales data,DATA_ANALYSIS
find the error in my integration,FIND_ERROR
design a system for a waste-sorting robot,SYSTEM_DESIGN
derive the equation for Schrodinger's equation,DERIVE_EQUATION
critique the methodology of this journal article,CRITIQUE_METHOD
what's the prior work on post-quantum cryptography,LITERATURE_REVIEW
verify whether the Great Wall is visible from space,FACT_CHECK
plot the function arctan(x),GRAPH_FUNCTION
compute the equivalent resistance of this op-amp circuit,CIRCUIT_ANALYSIS
make a revision sheet for machine learning,SUMMARIZE_NOTES
make my linked list code faster,OPTIMIZE_CODE
review the methodology section of this journal article,CRITIQUE_METHOD
help me prepare for tomorrow's cryptography exam,EXAM_PREPARATION
what's a good metaphor for ambiguity in context-free grammars,ANALOGY_GENERATION
make quiz questions for MPI,CREATE_QUIZ
Summarize this research paper.,SUMMARIZE_NOTES
review this graph for labeling,VISUALIZATION_IMPROVEMENT
what is the derivative of tan(x),DIFFERENTIATE_FUNCTION
"I got 12, check if my answer is correct",CHECK_MATH_SOLUTION
explain this merge sort,EXPLAIN_CODE
prove that Bayes theorem,PROVE_THEOREM
design a traffic light controller,SYSTEM_DESIGN
did I get the circuit right,CHECK_ANSWER
Explain Maxwell's equations like I'm a beginner.,ELI5_EXPLANATION
check my solution: 3/5,CHECK_MATH_SOLUTION
simplify the expression 3x + 2x - x,SIMPLIFY_EXPRESSION
Show where my force calculation went wrong.,FIND_ERROR
AES and ChaCha20: which is better,COMPARE_METHODS
check my answer for chemistry,CHECK_ANSWER
generate viva questions for algorithm analysis,CREATE_QUIZ
find the error in my matrix multiplication,FIND_ERROR
create flashcards for MPI,CREATE_FLASHCARDS
interpret the results of these accuracy metrics,RESULT_INTERPRETATION
interpret the results of these YOLO detection results,RESULT_INTERPRETATION
is my answer y = 7 correct,CHECK_MATH_SOLUTION
analyze the Fourier transform of this signal,SIGNAL_ANALYSIS
explain the photoelectric effect like I'm a beginner,ELI5_EXPLANATION
sketch e^x,GRAPH_FUNCTION
give a proof of the Pythagorean theorem,PROVE_THEOREM
summarize compiler design,SUMMARIZE_NOTES
simplify sin^2(x) + cos^2(x),SIMPLIFY_EXPRESSION
what's the time complexity of this BFS implementation,FIND_COMPLEXITY
what does this dynamic programming solution do,EXPLAIN_CODE
graph x^3 - 3x,GRAPH_FUNCTION
interpret this ROC curve,RESULT_INTERPRETATION
factor x^2 - 9,FACTOR_EXPRESSION
plot the function tan(x),GRAPH_FUNCTION
suggest improvements because my model predicting only one class,MODEL_EXPLANATION
review the methodology section of my experiment,CRITIQUE_METHOD
generate harder versions of these digital logic problems,GENERATE_PRACTICE_PROBLEMS
When load factor approaches 1 compare open addressing and chaining,COMPARE_METHODS
sketch a mitochondrion and label its parts,DRAW_LABELED_DIAGRAM
generate algorithm analysis interview questions,CREATE_QUIZ
Explain Kalman filters.,EXPLAIN_CONCEPT
improve the scaling of this graph,VISUALIZATION_IMPROVEMENT
where does the area of a circle come from,DERIVE_FORMULA
reduce (x^2 - 4)/(x - 2) to simplest form,SIMPLIFY_EXPRESSION
show the steps of Dijkstra's algorithm as a flowchart,DRAW_FLOWCHART
Generate harder versions of these problems.,GENERATE_PRACTICE_PROBLEMS
optimize this SQL query for my binary search function,OPTIMIZE_CODE
generate quantum-resistant alternatives for distributed systems,RESEARCH_IDEA
label the structure of a four-stroke engine,DRAW_LABELED_DIAGRAM
what's the intuitive idea behind attention mechanisms,EXPLAIN_INTUITIVELY
Which features should I remove?,FEATURE_SELECTION
solve 3x^2 + 2x - 5 step by step,SOLVE_STEP_BY_STEP
differentiate y = x^2,DIFFERENTIATE_FUNCTION
how is SLAM used in real life applications,REAL_WORLD_APPLICATION
what is the physical interpretation of imaginary time,EXPLAIN_PHYSICAL_MEANING
write Arduino code to blink an LED,GENERATE_CODE
find the factors of 6x^2 - x - 2,FACTOR_EXPRESSION
reduce sin^2(x) + cos^2(x) to simplest form,SIMPLIFY_EXPRESSION
show the derivation of the ideal gas law,DERIVE_EQUATION
come up with an algorithm to route planning,ALGORITHM_DESIGN
optimize this SQL query for this BFS implementation,OPTIMIZE_CODE
make a revision sheet for this thesis chapter,SUMMARIZE_NOTES
which variables should I drop in my model,FEATURE_SELECTION
review the methodology section of this research paper,CRITIQUE_METHOD
write code for a REST API in Flask,GENERATE_CODE
"I got x = 0 and x = 3, check if my answer is correct",CHECK_MATH_SOLUTION
show the parts of a four-stroke engine,DRAW_LABELED_DIAGRAM
did I get the chemistry right,CHECK_ANSWER
make a flowchart for the TCP handshake,DRAW_FLOWCHART
give a proof of the mean value theorem,PROVE_THEOREM
help me interpret these confidence intervals,RESULT_INTERPRETATION
explain attention mechanisms as if I knew nothing about it,ELI5_EXPLANATION
design an efficient approach for load balancing,ALGORITHM_DESIGN
find the bug causing segmentation faults in my linked list code,DEBUG_CODE
design an algorithm for matching students to projects,ALGORITHM_DESIGN
explain special relativity using an analogy,ANALOGY_GENERATION
what's the intuitive idea behind wave-particle duality,EXPLAIN_INTUITIVELY
what does negative temperature represent physically,EXPLAIN_PHYSICAL_MEANING
propose a research idea for computer vision,RESEARCH_IDEA
explain ambiguity in context-free grammars in the simplest terms,ELI5_EXPLANATION
make a revision sheet for data structures,SUMMARIZE_NOTES
what's an open problem in distributed systems,RESEARCH_IDEA
explain the limitations of this preprint,CRITIQUE_METHOD
Add important points and labels to this graph.,VISUALIZATION_IMPROVEMENT
derive the Lorentz force law,DERIVE_EQUATION
derive the equation for the kinematic equations,DERIVE_EQUATION
what is the Big-O of this Python recursion code,FIND_COMPLEXITY
debug my binary search function,DEBUG_CODE
derive the equation for the ideal gas law,DERIVE_EQUATION
make this merge sort faster,OPTIMIZE_CODE
summarize the literature on federated learning,LITERATURE_REVIEW
interpret these confusion matrix results,RESULT_INTERPRETATION
write a literature review on post-quantum cryptography,LITERATURE_REVIEW
analyze whether this theorem proof is correct,VERIFY_REASONING
explain matrix rank in the simplest terms,ELI5_EXPLANATION
check my proof of this algorithm,VERIFY_REASONING
work through e^x cos(x) step by step,SOLVE_STEP_BY_STEP
what does this sorting function do,EXPLAIN_CODE
what is the derivative of 1/(1+x^2),DIFFERENTIATE_FUNCTION
illustrate a neuron with labels,DRAW_LABELED_DIAGRAM
Generate Arduino code.,GENERATE_CODE
whats wrong with this graph,VISUALIZATION_IMPROVEMENT
review this graph for clarity,VISUALIZATION_IMPROVEMENT
summarize my notes on digital logic,SUMMARIZE_NOTES
review this graph for colors,VISUALIZATION_IMPROVEMENT
why is my model overfitting,MODEL_EXPLANATION
what does imaginary time represent physically,EXPLAIN_PHYSICAL_MEANING
can this dynamic programming solution be optimized,OPTIMIZE_CODE
graph y = -x^2 + 4,GRAPH_FUNCTION
fix the axes on this graph,VISUALIZATION_IMPROVEMENT
test my understanding of machine learning,CREATE_QUIZ
show a proof for the mean value theorem,PROVE_THEOREM
is my this problem answer correct,CHECK_ANSWER
show the steps of DNA replication as a flowchart,DRAW_FLOWCHART
factor x^2 - 4,FACTOR_EXPRESSION
find the bug causing segmentation faults in this merge sort,DEBUG_CODE
illustrate a plant cell with labels,DRAW_LABELED_DIAGRAM
which variables should I drop in these survey results,FEATURE_SELECTION
spot the flaw in my force calculation,FIND_ERROR
what are the weaknesses of this journal article,CRITIQUE_METHOD
generate a REST API in Flask,GENERATE_CODE
make flashcards on operating systems,CREATE_FLASHCARDS
Graph y=x^3-3x.,GRAPH_FUNCTION
create flashcards for computer networks,CREATE_FLASHCARDS
write code for quicksort in Python,GENERATE_CODE
explain my linked list code,EXPLAIN_CODE
Find the transfer function.,SIGNAL_ANALYSIS
explain dynamic programming as if I knew nothing about it,ELI5_EXPLANATION
What's the time complexity?,FIND_COMPLEXITY
show y = x^2 on a coordinate plane,GRAPH_FUNCTION
what is the Big-O of my binary search function,FIND_COMPLEXITY
determine the frequency response,SIGNAL_ANALYSIS
explain complex numbers,EXPLAIN_CONCEPT
finish this this sorting function,COMPLETE_CODE
create a quiz on digital logic,CREATE_QUIZ
what features matter most in my model,FEATURE_SELECTION
show the derivation of the quadratic formula,DERIVE_FORMULA
evaluate the experimental design of this study,CRITIQUE_METHOD
explain the central limit theorem intuitively,EXPLAIN_INTUITIVELY
analyze the time complexity of my binary search function,FIND_COMPLEXITY
how would you design a distributed system,SYSTEM_DESIGN
calculate the kinetic energy of a 2 kg ball at 3 m/s,SOLVE_NUMERICAL
explain SLAM using an analogy,ANALOGY_GENERATION
give practical applications of dynamic programming,REAL_WORLD_APPLICATION
design an efficient approach for finding the shortest path,ALGORITHM_DESIGN
generate flashcards for compiler design,CREATE_FLASHCARDS
derive the sum of an arithmetic series,DERIVE_FORMULA
find the frequency response,SIGNAL_ANALYSIS
give me a summary of machine learning,SUMMARIZE_NOTES
improve the colors of this graph,VISUALIZATION_IMPROVEMENT
explain entropy intuitively,EXPLAIN_INTUITIVELY
create flashcards for cryptography,CREATE_FLASHCARDS
"This graph is hard to read on a small screen, fix it.",VISUALIZATION_IMPROVEMENT
verify the units in this formula,UNIT_ANALYSIS
suggest improvements because my model performing poorly on test data,MODEL_EXPLANATION
come up with an algorithm to matching students to projects,ALGORITHM_DESIGN
find the complexity of this algorithm,FIND_COMPLEXITY
Design a traffic light controller.,SYSTEM_DESIGN
